Product ID,Product Name,Category,Total Revenue,Revenue Share,Cumulative Revenue Share,ABC Class,Avg Daily Demand,Demand Std Dev,Total Observed Demand,Base Procurement Cost,Supplier,Avg Lead Time Days,Annual Demand,Holding Cost Per Unit,EOQ,Safety Stock,Reorder Point,Orders Per Year,Annual Ordering Cost,Annual Holding Cost,Annual Inventory Cost,Latest Inventory Level,Reorder Needed
P00223,Mi Bluetooth Speaker 195,Electronics,330475496.25,0.020377387560124628,0.020377387560124628,A,57.453,140.376,41998,86956.6,SUP010,20,20999.0,17391.32,35.0,1035.8,2184.9,600.0,300000.0,304348.0,604348.0,0.0,True
P00065,boAt Laptop 127,Electronics,324130439.86,0.019986146228718728,0.04036353378884336,A,62.904,141.519,45983,88823.58,SUP013,9,22991.5,17764.72,36.0,700.5,1266.6,638.7,319350.0,319765.0,639115.0,0.0,True
P00313,Acer Bluetooth Speaker 276,Electronics,305222612.89,0.018820274257999304,0.05918380804684266,A,53.759,146.706,39298,88684.11,SUP014,14,19649.0,17736.82,33.0,905.7,1658.3,595.4,297700.0,292658.0,590358.0,0.0,True
P00325,Lenovo Laptop 27,Electronics,299053852.55,0.018439903484250276,0.07762371153109293,A,61.089,149.388,44656,83460.43,SUP011,18,22328.0,16692.09,37.0,1045.8,2145.4,603.5,301750.0,308804.0,610554.0,172.6,True
P00358,OnePlus Fast Charger 103,Mobiles & Accessories,277488748.27,0.017110181635960404,0.09473389316705333,A,94.591,185.012,69146,56738.31,SUP015,20,34573.0,11347.66,55.0,1365.2,3257.0,628.6,314300.0,312061.0,626361.0,446.7,True
P00069,Redmi Smartwatch 99,Mobiles & Accessories,271044226.62,0.016712807195822427,0.11144670036287575,A,69.389,150.021,50723,69938.67,SUP013,9,25361.5,13987.73,43.0,742.6,1367.1,589.8,294900.0,300736.0,595636.0,12.9,True
P00192,Dell Soundbar 152,Electronics,269925280.36,0.016643812060456255,0.128090512423332,A,59.978,138.765,43844,72522.27,SUP009,9,21922.0,14504.45,39.0,686.9,1226.7,562.1,281050.0,282837.0,563887.0,0.0,True
P00379,OnePlus Fast Charger 756,Mobiles & Accessories,256648499.72,0.015825154980817966,0.14391566740414996,A,67.747,157.858,49523,61051.29,SUP024,3,24761.5,12210.26,45.0,451.1,654.3,550.3,275150.0,274731.0,549881.0,0.0,True
P00195,Redmi Fast Charger 820,Mobiles & Accessories,231226940.72,0.014257641001706801,0.15817330840585675,A,61.598,138.999,45028,60464.87,SUP012,13,22514.0,12092.97,43.0,826.9,1627.7,523.6,261800.0,259999.0,521799.0,0.0,True
P00356,Sony 4K Smart TV 508,Electronics,225171189.2,0.013884238443601546,0.1720575468494583,A,58.964,146.587,43103,68585.15,SUP006,17,21551.5,13717.03,40.0,997.2,1999.6,538.8,269400.0,274341.0,543741.0,0.0,True
P00027,realme True Wireless Earbuds 116,Mobiles & Accessories,223275379.27,0.013767341263258959,0.18582488811271725,A,80.655,163.398,58959,46670.45,SUP023,8,29479.5,9334.09,56.0,762.6,1407.8,526.4,263200.0,261355.0,524555.0,116.9,True
P00040,Acer Bluetooth Speaker 27,Electronics,220329671.82,0.013585706548950251,0.1994105946616675,A,52.338,127.165,38259,72783.76,SUP004,16,19129.5,14556.75,36.0,839.3,1676.7,531.4,265700.0,262022.0,527722.0,0.0,True
P00160,iQOO True Wireless Earbuds 495,Mobiles & Accessories,219386644.01,0.013527558688118207,0.2129381533497857,A,57.476,139.095,42015,62327.23,SUP023,8,21007.5,12465.45,41.0,649.1,1108.9,512.4,256200.0,255542.0,511742.0,0.0,True
P00293,Motorola 5G Smartphone 149,Mobiles & Accessories,216443207.66,0.013346064011680427,0.22628421736146612,A,63.436,143.586,46372,57105.04,SUP008,20,23186.0,11421.01,45.0,1059.5,2328.2,515.2,257600.0,256973.0,514573.0,0.0,True
P00194,OPPO Smartwatch 824,Mobiles & Accessories,215544746.1,0.013290664142026721,0.23957488150349285,A,71.137,155.365,52001,54561.74,SUP002,5,26000.5,10912.35,49.0,573.2,928.9,530.6,265300.0,267353.0,532653.0,172.9,True
P00075,realme Fast Charger 63,Mobiles & Accessories,211853980.63,0.01306308854495788,0.25263797004845073,A,65.581,147.019,47940,50128.47,SUP006,17,23970.0,10025.69,49.0,1000.2,2115.1,489.2,244600.0,245629.0,490229.0,193.9,True
P00287,boAt Bluetooth Speaker 34,Electronics,201907886.6,0.012449804307371226,0.265087774355822,A,56.3,132.814,41155,55359.93,SUP015,20,20577.5,11071.99,43.0,980.0,2106.0,478.5,239250.0,238048.0,477298.0,0.0,True
P00280,OnePlus 5G Smartphone 877,Mobiles & Accessories,192665635.92,0.011879919622511824,0.2769676939783338,A,50.64,125.655,37018,65788.03,SUP011,18,18509.0,13157.61,38.0,879.6,1791.1,487.1,243550.0,249995.0,493545.0,0.0,True
P00343,OPPO 5G Smartphone 977,Mobiles & Accessories,175796324.9,0.010839744201255245,0.28780743817958904,A,54.364,130.765,39740,59221.84,SUP017,20,19870.0,11844.37,41.0,964.9,2052.2,484.6,242300.0,242810.0,485110.0,0.0,True
P00118,LG Soundbar 793,Electronics,173705700.98,0.01071083463203236,0.2985182728116214,A,38.166,110.017,27899,78939.66,SUP005,4,13949.5,15787.93,30.0,363.1,515.8,465.0,232500.0,236819.0,469319.0,0.0,True
P00377,iQOO Bluetooth Neckband 700,Mobiles & Accessories,169579478.8,0.010456408420482214,0.30897468123210364,A,50.405,127.173,36846,55866.57,SUP007,6,18423.0,11173.31,41.0,514.0,816.4,449.3,224650.0,229053.0,453703.0,0.0,True
P00054,Sony Home Theatre System 334,Electronics,168056607.47,0.010362506937171822,0.3193371881692755,A,33.293,112.579,24337,85499.5,SUP007,6,12168.5,17099.9,27.0,455.0,654.8,450.7,225350.0,230849.0,456199.0,0.0,True
P00322,vivo Fast Charger 646,Mobiles & Accessories,162434835.91,0.010015863935943236,0.3293530521052187,A,51.896,123.793,37936,50231.54,SUP016,12,18968.0,10046.31,43.0,707.6,1330.4,441.1,220550.0,215996.0,436546.0,0.0,True
P00373,Nilkamal Wardrobe 144,Home & Furniture,158663512.13,0.009783321048038352,0.33913637315325706,A,44.339,116.392,32412,42773.4,SUP011,18,16206.0,8554.68,44.0,814.8,1612.9,368.3,184150.0,188203.0,372353.0,0.0,True
P00367,Samsung True Wireless Earbuds 127,Mobiles & Accessories,158317954.41,0.009762013678309778,0.3488983868315668,A,71.003,159.806,51903,36588.64,SUP012,13,25951.5,7317.73,60.0,950.7,1873.7,432.5,216250.0,219532.0,435782.0,0.0,True
P00058,Lenovo Bluetooth Speaker 945,Electronics,157807670.17,0.009730549137542623,0.35862893596910944,A,53.773,151.395,39308,54244.02,SUP024,3,19654.0,10848.8,43.0,432.7,594.0,457.1,228550.0,233249.0,461799.0,0.0,True
P00236,Prestige Air Conditioner 135,Appliances,156973871.8,0.009679136452713377,0.36830807242182284,A,39.135,116.678,28608,53717.75,SUP008,20,14304.0,10743.55,36.0,861.0,1643.7,397.3,198650.0,193384.0,392034.0,0.0,True
P00252,OnePlus True Wireless Earbuds 139,Mobiles & Accessories,152803019.05,0.009421958283961444,0.37773003070578426,A,77.975,174.68,57000,32990.1,SUP004,16,28500.0,6598.02,66.0,1152.9,2400.5,431.8,215900.0,217735.0,433635.0,220.3,True
P00201,boAt Fast Charger 36,Mobiles & Accessories,148832476.72,0.009177131418428625,0.3869071621242129,A,74.389,167.356,54378,39237.25,SUP016,12,27189.0,7847.45,59.0,956.6,1849.3,460.8,230400.0,231500.0,461900.0,0.0,True
P00086,Samsung Fast Charger 340,Mobiles & Accessories,145246995.69,0.008956047745457864,0.3958632098696708,A,39.542,103.264,28905,59176.53,SUP001,16,14452.5,11835.31,35.0,681.5,1314.2,412.9,206450.0,207118.0,413568.0,0.0,True
P00275,LG Soundbar 907,Electronics,144288782.19,0.008896963522644344,0.4047601733923151,A,53.249,127.598,38925,42816.87,SUP025,9,19462.5,8563.37,48.0,631.6,1110.8,405.5,202750.0,205521.0,408271.0,0.0,True
P00001,OnePlus True Wireless Earbuds 103,Mobiles & Accessories,138049690.74,0.00851225607551933,0.41327242946783443,A,74.248,154.822,54275,31563.17,SUP003,19,27137.5,6312.63,66.0,1113.5,2524.2,411.2,205600.0,208317.0,413917.0,0.0,True
P00257,Dell Laptop 821,Electronics,136870850.05,0.008439567800944193,0.4217119972687786,A,31.564,98.085,23073,67823.13,SUP018,18,11536.5,13564.63,29.0,686.6,1254.8,397.8,198900.0,196687.0,395587.0,0.0,True
P00221,JBL Bluetooth Speaker 337,Electronics,136577907.48,0.008421504724106467,0.4301335019928851,A,51.777,129.858,37849,42986.65,SUP020,16,18924.5,8597.33,47.0,857.1,1685.5,402.6,201300.0,202037.0,403337.0,142.4,True
P00269,OPPO Smartwatch 773,Mobiles & Accessories,135332366.02,0.008344703625868845,0.43847820561875395,A,80.194,174.255,58622,31127.32,SUP014,14,29311.0,6225.46,69.0,1075.8,2198.5,424.8,212400.0,214778.0,427178.0,0.0,True
P00034,Redmi Fast Charger 505,Mobiles & Accessories,131840061.13,0.008129365269382002,0.44660757088813596,A,97.996,181.265,71635,22757.17,SUP015,20,35817.5,4551.43,89.0,1337.6,3297.5,402.4,201200.0,202539.0,403739.0,479.1,True
P00395,Noise 5G Smartphone 372,Mobiles & Accessories,131107131.44,0.0080841722293021,0.45469174311743804,A,49.518,128.114,36198,48437.2,SUP015,20,18099.0,9687.44,43.0,945.4,1935.8,420.9,210450.0,208280.0,418730.0,0.0,True
P00019,Samsung Smartwatch 312,Mobiles & Accessories,129593190.39,0.007990821394311011,0.46268256451174905,A,30.565,101.807,22343,63328.26,SUP007,6,11171.5,12665.65,30.0,411.5,594.9,372.4,186200.0,189985.0,376185.0,0.0,True
P00345,Voltas Mixer Grinder 265,Appliances,122227864.86,0.0075366694389183714,0.47021923395066745,A,37.81,114.501,27639,51281.61,SUP007,6,13819.5,10256.32,37.0,462.8,689.7,373.5,186750.0,189742.0,376492.0,0.0,True
P00018,Urban Ladder Bookshelf 454,Home & Furniture,121719106.86,0.007505299007349456,0.4777245329580169,A,35.081,103.356,25644,43631.43,SUP025,9,12822.0,8726.29,38.0,511.6,827.3,337.4,168700.0,165800.0,334500.0,0.0,True
P00145,Nilkamal Wardrobe 108,Home & Furniture,118496643.67,0.007306599309290177,0.4850311322673071,A,38.822,111.236,28379,40736.41,SUP024,3,14189.5,8147.28,42.0,317.9,434.4,337.8,168900.0,171093.0,339993.0,0.0,True
P00129,LG Soundbar 593,Electronics,117768958.71,0.007261729663522624,0.4922928619308297,A,39.657,121.598,28989,56573.14,SUP022,11,14494.5,11314.63,36.0,665.4,1101.6,402.6,201300.0,203663.0,404963.0,0.0,True
P00284,Wakefit Study Table 358,Home & Furniture,117223829.33,0.007228116543116664,0.4995209784739464,A,47.254,123.644,34543,32649.53,SUP008,20,17271.5,6529.91,51.0,912.4,1857.5,338.7,169350.0,166513.0,335863.0,0.0,True
P00103,Wakefit Bed with Storage 751,Home & Furniture,116453718.26,0.007180630868941716,0.5067016093428881,A,35.662,103.117,26069,44315.27,SUP012,13,13034.5,8863.05,38.0,613.5,1077.1,343.0,171500.0,168398.0,339898.0,0.0,True
P00038,Bosch Microwave Oven 34,Appliances,116143449.52,0.007161499446386898,0.513863108789275,A,36.752,107.412,26866,52639.16,SUP011,18,13433.0,10527.83,36.0,751.9,1413.4,373.1,186550.0,189501.0,376051.0,0.0,True
P00014,Mi Laptop 815,Electronics,114723803.62,0.007073962926945355,0.5209370717162204,A,29.089,96.901,21264,70983.04,SUP022,11,10632.0,14196.61,27.0,530.3,850.3,393.8,196900.0,191654.0,388554.0,0.0,True
P00021,Mi Home Theatre System 51,Electronics,110284244.29,0.006800216092187172,0.5277372878084076,A,30.466,100.063,22271,59186.5,SUP013,9,11135.5,11837.3,31.0,495.3,769.5,359.2,179600.0,183478.0,363078.0,0.0,True
P00079,LG 4K Smart TV 127,Electronics,109903314.42,0.006776727646955076,0.5345140154553626,A,34.647,97.748,25327,46735.04,SUP014,14,12663.5,9347.01,37.0,603.5,1088.6,342.3,171150.0,172920.0,344070.0,0.0,True
P00210,Nilkamal Bookshelf 530,Home & Furniture,109107084.35,0.0067276314540223895,0.541241646909385,A,39.914,114.244,29177,38445.77,SUP011,18,14588.5,7689.15,44.0,799.7,1518.2,331.6,165800.0,169161.0,334961.0,0.0,True
P00334,Motorola Bluetooth Neckband 952,Mobiles & Accessories,108640275.12,0.006698847617688705,0.5479404945270737,A,51.633,135.864,37744,37124.93,SUP025,9,18872.0,7424.99,50.0,672.5,1137.2,377.4,188700.0,185625.0,374325.0,0.0,True
P00185,LG Laptop 997,Electronics,108619264.13,0.006697552062977053,0.5546380465900508,A,28.458,93.653,20803,70141.56,SUP016,12,10401.5,14028.31,27.0,535.3,876.8,385.2,192600.0,189382.0,381982.0,0.0,True
P00076,Samsung True Wireless Earbuds 100,Mobiles & Accessories,108318527.5,0.006679008398068234,0.561317054988119,A,28.129,95.167,20562,62063.98,SUP025,9,10281.0,12412.8,29.0,471.1,724.3,354.5,177250.0,179986.0,357236.0,0.0,True
P00020,Samsung Air Conditioner 437,Appliances,107282660.94,0.00661513602449375,0.5679321910126127,A,29.514,95.896,21575,47371.88,SUP016,12,10787.5,9474.38,34.0,548.1,902.3,317.3,158650.0,161064.0,319714.0,0.0,True
P00125,boAt Fast Charger 781,Mobiles & Accessories,106244296.18,0.006551109609877857,0.5744833006224905,A,51.156,126.919,37395,35030.89,SUP011,18,18697.5,7006.18,52.0,888.5,1809.3,359.6,179800.0,182161.0,361961.0,0.0,True
P00113,Acer Laptop 915,Electronics,104057333.83,0.0064162597348007685,0.5808995603572913,A,28.439,102.606,20789,63677.53,SUP022,11,10394.5,12735.51,29.0,561.5,874.3,358.4,179200.0,184665.0,363865.0,0.0,True
P00111,realme Smartwatch 348,Mobiles & Accessories,103101330.52,0.006357311794098094,0.5872568721513893,A,21.948,81.575,16044,62229.19,SUP014,14,8022.0,12445.84,25.0,503.6,810.9,320.9,160450.0,155573.0,316023.0,0.0,True
P00196,@home Study Table 508,Home & Furniture,99862141.53,0.006157580769623632,0.5934144529210129,A,39.063,106.375,28555,33358.21,SUP025,9,14277.5,6671.64,46.0,526.6,878.2,310.4,155200.0,153448.0,308648.0,0.0,True
P00163,Nilkamal 3-Seater Sofa 469,Home & Furniture,91133432.21,0.005619361462196502,0.5990338143832095,A,30.238,94.647,22104,41308.07,SUP024,3,11052.0,8261.61,37.0,270.5,361.2,298.7,149350.0,152840.0,302190.0,0.0,True
P00137,Motorola Smartwatch 59,Mobiles & Accessories,90603441.71,0.005586681817429393,0.6046204962006388,A,36.988,113.415,27038,38229.73,SUP014,14,13519.0,7645.95,42.0,700.2,1218.0,321.9,160950.0,160565.0,321515.0,0.0,True
P00332,realme Fast Charger 97,Mobiles & Accessories,90578562.36,0.005585147736497685,0.6102056439371365,A,27.274,89.019,19937,48965.47,SUP002,5,9968.5,9793.09,32.0,328.4,464.8,311.5,155750.0,156689.0,312439.0,0.0,True
P00274,realme Fast Charger 473,Mobiles & Accessories,85935507.3,0.005298853189718204,0.6155044971268547,A,23.111,79.024,16894,51492.34,SUP013,9,8447.0,10298.47,29.0,391.2,599.2,291.3,145650.0,149328.0,294978.0,0.0,True
P00261,Bajaj Microwave Oven 792,Appliances,82011671.09,0.005056906261486243,0.620561403388341,A,35.832,109.555,26193,34439.08,SUP004,16,13096.5,6887.82,44.0,723.1,1296.4,297.6,148800.0,151532.0,300332.0,0.0,True
P00350,iQOO Fast Charger 132,Mobiles & Accessories,81837294.67,0.00504615406977458,0.6256075574581156,A,55.476,121.581,40553,24971.55,SUP003,19,20276.5,4994.31,64.0,874.4,1928.4,316.8,158400.0,159818.0,318218.0,147.8,True
P00173,Haier Microwave Oven 348,Appliances,80980307.97,0.004993311573680523,0.6306008690317961,A,26.724,90.314,19535,50056.99,SUP025,9,9767.5,10011.4,31.0,447.1,687.6,315.1,157550.0,155177.0,312727.0,0.0,True
P00033,Redmi True Wireless Earbuds 602,Mobiles & Accessories,79973264.16,0.004931216434285162,0.6355320854660813,A,24.492,96.486,17904,58431.22,SUP006,17,8952.0,11686.24,28.0,656.4,1072.8,319.7,159850.0,163607.0,323457.0,0.0,True
P00335,LG Soundbar 161,Electronics,79789886.22,0.004919909201537926,0.6404519946676193,A,12.235,58.719,8944,79888.18,SUP011,18,4472.0,15977.64,17.0,411.1,631.3,263.1,131550.0,135810.0,267360.0,0.0,True
P00294,Acer Soundbar 219,Electronics,79701862.86,0.004914481609654661,0.645366476277274,A,15.721,74.738,11492,83126.98,SUP004,16,5746.0,16625.4,19.0,493.3,744.8,302.4,151200.0,157941.0,309141.0,0.0,True
P00245,HP Home Theatre System 723,Electronics,78791672.19,0.004858358513550227,0.6502248347908242,A,18.562,75.176,13569,61211.1,SUP006,17,6784.5,12242.22,24.0,511.4,827.0,282.7,141350.0,146907.0,288257.0,0.0,True
P00389,Mi Soundbar 827,Electronics,77290104.56,0.0047657706336878694,0.654990605424512,A,28.458,97.595,20803,45823.85,SUP003,19,10401.5,9164.77,34.0,701.9,1242.6,305.9,152950.0,155801.0,308751.0,0.0,True
P00190,iQOO True Wireless Earbuds 60,Mobiles & Accessories,75664406.55,0.004665528773757556,0.6596561341982696,A,50.695,126.979,37058,23305.36,SUP004,16,18529.0,4661.07,63.0,838.1,1649.2,294.1,147050.0,146824.0,293874.0,0.0,True
P00301,Solimo Bookshelf 677,Home & Furniture,75574934.01,0.004660011824258252,0.6643161460225279,A,35.635,106.615,26049,28285.46,SUP024,3,13024.5,5657.09,48.0,304.7,411.6,271.3,135650.0,135770.0,271420.0,0.0,True
P00112,Durian Wardrobe 145,Home & Furniture,74609615.18,0.004600489481024927,0.6689166355035527,A,23.454,94.464,17145,44944.21,SUP006,17,8572.5,8988.84,31.0,642.7,1041.4,276.5,138250.0,139327.0,277577.0,0.0,True
P00279,LG Microwave Oven 761,Appliances,73634656.21,0.004540372718928045,0.6734570082224808,A,27.525,103.785,20121,47946.93,SUP020,16,10060.5,9589.39,32.0,685.0,1125.4,314.4,157200.0,153430.0,310630.0,0.0,True
P00056,Dell Bluetooth Speaker 140,Electronics,72948294.73,0.004498051112506369,0.6779550593349871,A,57.119,126.561,41754,19811.6,SUP024,3,20877.0,3962.32,73.0,361.7,533.1,286.0,143000.0,144625.0,287625.0,0.0,True
P00140,IFB Front Load Washing Machine 424,Appliances,72597477.41,0.004476419431569165,0.6824314787665563,A,38.596,118.586,28214,31961.09,SUP025,9,14107.0,6392.22,47.0,587.0,934.4,300.1,150050.0,150217.0,300267.0,0.0,True
P00329,Haier Front Load Washing Machine 735,Appliances,71058651.54,0.004381534178361724,0.686813012944918,A,39.164,107.619,28629,28922.98,SUP004,16,14314.5,5784.6,50.0,710.3,1336.9,286.3,143150.0,144615.0,287765.0,0.0,True
P00078,Acer Soundbar 652,Electronics,69984424.09,0.0043152964411474195,0.6911283093860654,A,45.646,135.215,33367,28518.15,SUP022,11,16683.5,5703.63,54.0,740.0,1242.1,309.0,154500.0,153998.0,308498.0,0.0,True
P00151,OPPO 5G Smartphone 958,Mobiles & Accessories,67500029.26,0.004162106637734635,0.6952904160238,A,54.475,130.4,39821,19271.63,SUP008,20,19910.5,3854.33,72.0,962.2,2051.7,276.5,138250.0,138756.0,277006.0,0.0,True
P00012,boAt Bluetooth Neckband 222,Mobiles & Accessories,64850872.88,0.003998757503305014,0.6992891735271051,A,50.756,135.032,37103,22320.58,SUP022,11,18551.5,4464.12,64.0,739.0,1297.3,289.9,144950.0,142852.0,287802.0,0.0,True
P00316,realme Bluetooth Neckband 322,Mobiles & Accessories,64703399.85,0.003989664196475685,0.7032788377235808,B,16.138,63.857,11797,53514.87,SUP017,20,5898.5,10702.97,23.0,471.2,794.0,256.5,128250.0,123084.0,251334.0,0.0,True
P00010,Pepperfry 3-Seater Sofa 148,Home & Furniture,62772806.9,0.0038706222668639543,0.7071494599904448,B,29.157,93.927,21314,35264.37,SUP017,20,10657.0,7052.87,39.0,693.1,1276.2,273.3,136650.0,137531.0,274181.0,0.0,True
P00215,Wakefit Study Table 456,Home & Furniture,61522131.39,0.0037935045989326926,0.7109429645893774,B,18.133,71.178,13255,42015.42,SUP020,16,6627.5,8403.08,28.0,469.8,759.9,236.7,118350.0,117643.0,235993.0,0.0,True
P00060,@home Wardrobe 496,Home & Furniture,60485150.78,0.003729563532130211,0.7146725281215076,B,38.302,121.515,27999,23804.85,SUP013,9,13999.5,4760.97,54.0,601.5,946.2,259.2,129600.0,128546.0,258146.0,0.0,True
P00259,boAt Home Theatre System 309,Electronics,59006631.67,0.00363839684273449,0.7183109249642421,B,31.592,88.813,23094,26006.78,SUP005,4,11547.0,5201.36,47.0,293.1,419.5,245.7,122850.0,122232.0,245082.0,0.0,True
P00084,Voltas Front Load Washing Machine 920,Appliances,58066162.79,0.00358040676760499,0.721891331731847,B,34.534,108.751,25244,29077.73,SUP008,20,12622.0,5815.55,47.0,802.5,1493.2,268.6,134300.0,136665.0,270965.0,0.0,True
P00310,Durian Study Table 257,Home & Furniture,56195824.45,0.0034650801861936154,0.7253564119180407,B,17.781,67.563,12998,44947.99,SUP018,18,6499.0,8989.6,27.0,473.0,793.1,240.7,120350.0,121360.0,241710.0,0.0,True
P00273,Bosch Air Conditioner 408,Appliances,55310260.01,0.003410475563436067,0.7287668874814768,B,19.265,79.114,14083,38529.38,SUP007,6,7041.5,7705.88,30.0,319.8,435.4,234.7,117350.0,115588.0,232938.0,0.0,True
P00211,Nilkamal 3-Seater Sofa 580,Home & Furniture,54148063.74,0.003338813597319203,0.732105701078796,B,45.19,126.226,33034,18416.16,SUP012,13,16517.0,3683.23,67.0,750.9,1338.4,246.5,123250.0,123388.0,246638.0,0.0,True
P00286,Prestige Air Conditioner 308,Appliances,53224077.65,0.0032818398644108766,0.7353875409432069,B,34.912,103.019,25521,22164.06,SUP019,3,12760.5,4432.81,54.0,294.4,399.1,236.3,118150.0,119686.0,237836.0,0.0,True
P00077,Wakefit Bed with Storage 576,Home & Furniture,53132235.77,0.0032761768194824424,0.7386637177626894,B,33.836,104.139,24734,20960.09,SUP011,18,12367.0,4192.02,54.0,729.0,1338.0,229.0,114500.0,113185.0,227685.0,0.0,True
P00249,Wakefit Bookshelf 651,Home & Furniture,53121072.410000004,0.0032754884776363007,0.7419392062403256,B,38.345,107.519,28030,21714.92,SUP016,12,14015.0,4342.98,57.0,614.6,1074.7,245.9,122950.0,123775.0,246725.0,0.0,True
P00306,Haier Microwave Oven 224,Appliances,52609947.44,0.0032439720967743805,0.7451831783371,B,10.958,53.71,8010,52989.04,SUP015,20,4005.0,10597.81,19.0,396.3,615.5,210.8,105400.0,100679.0,206079.0,0.0,True
P00011,Pepperfry Wardrobe 637,Home & Furniture,52385181.91,0.0032301128716065875,0.7484132912087066,B,38.978,107.987,28493,21516.67,SUP011,18,14246.5,4303.33,58.0,755.9,1457.5,245.6,122800.0,124797.0,247597.0,0.0,True
P00336,Samsung Home Theatre System 419,Electronics,51122507.78,0.003152255359019062,0.7515655465677257,B,31.871,106.058,23298,27220.25,SUP006,17,11649.0,5444.05,46.0,721.5,1263.3,253.2,126600.0,125213.0,251813.0,0.0,True
P00216,@home Bed with Storage 351,Home & Furniture,50192198.9,0.003094891757743025,0.7546604383254687,B,17.919,65.029,13099,29848.65,SUP001,16,6549.5,5969.73,33.0,429.2,715.9,198.5,99250.0,98501.0,197751.0,0.0,True
P00352,Pepperfry 3-Seater Sofa 523,Home & Furniture,49279893.55,0.0030386382687519324,0.7576990765942206,B,11.772,53.277,8605,44680.67,SUP013,9,4302.5,8936.13,22.0,263.7,369.6,195.6,97800.0,98297.0,196097.0,0.0,True
P00007,Godrej Interio Bed with Storage 442,Home & Furniture,48321039.23,0.0029795145324566434,0.7606785911266772,B,34.549,105.463,25255,21721.3,SUP017,20,12627.5,4344.26,54.0,778.2,1469.2,233.8,116900.0,117295.0,234195.0,0.0,True
P00364,Yonex Badminton Racquet 838,Sports & Fitness,45797285.66,0.0028238978371624363,0.7635024889638397,B,73.183,145.398,53497,7767.24,SUP003,19,26748.5,1553.45,131.0,1045.7,2436.2,204.2,102100.0,101751.0,203851.0,0.0,True
P00382,Wakefit 3-Seater Sofa 971,Home & Furniture,45485042.66,0.002804644680132232,0.7663071336439718,B,17.702,77.453,12940,34530.94,SUP008,20,6470.0,6906.19,31.0,571.5,925.5,208.7,104350.0,107046.0,211396.0,0.0,True
P00229,Samsung Front Load Washing Machine 410,Appliances,44904784.82,0.0027688655103461127,0.769075999154318,B,37.766,114.296,27607,20108.31,SUP024,3,13803.5,4021.66,59.0,326.6,439.9,234.0,117000.0,118639.0,235639.0,0.0,True
P00319,Durian Wardrobe 903,Home & Furniture,44686940.67,0.0027554330630916945,0.7718314322174097,B,13.397,63.463,9793,40251.53,SUP013,9,4896.5,8050.31,25.0,314.1,434.7,195.9,97950.0,100629.0,198579.0,0.0,True
P00130,Nilkamal Bed with Storage 774,Home & Furniture,44322827.24,0.002732981533210812,0.7745644137506205,B,13.185,62.23,9638,38489.6,SUP006,17,4819.0,7697.92,25.0,423.4,647.5,192.8,96400.0,96224.0,192624.0,0.0,True
P00388,OPPO True Wireless Earbuds 216,Mobiles & Accessories,43844352.32,0.002703478380955118,0.7772678921315755,B,99.004,175.837,72372,6999.0,SUP011,18,36186.0,1399.8,161.0,1230.9,3013.0,224.8,112400.0,112684.0,225084.0,368.8,True
P00097,Wakefit Wardrobe 503,Home & Furniture,43694155.73,0.002694217137203709,0.7799621092687793,B,19.819,74.39,14488,26668.3,SUP005,4,7244.0,5333.66,37.0,245.5,324.8,195.8,97900.0,98673.0,196573.0,0.0,True
P00304,Haier Mixer Grinder 532,Appliances,43178921.79,0.0026624473939136726,0.7826245566626929,B,21.562,84.727,15762,34769.07,SUP006,17,7881.0,6953.81,34.0,576.4,943.0,231.8,115900.0,118215.0,234115.0,0.0,True
P00098,LG Double Door Refrigerator 185,Appliances,42859919.82,0.0026427774733026274,0.7852673341359956,B,27.062,88.68,19782,23002.99,SUP015,20,9891.0,4600.6,46.0,654.4,1195.6,215.0,107500.0,105814.0,213314.0,0.0,True
P00239,Prestige Front Load Washing Machine 44,Appliances,41592609.27,0.002564634075291512,0.7878319682112871,B,25.501,96.114,18641,25531.08,SUP023,8,9320.5,5106.22,43.0,448.6,652.6,216.8,108400.0,109784.0,218184.0,0.0,True
P00089,Durian Bookshelf 393,Home & Furniture,40944004.66,0.00252464058814578,0.7903566087994329,B,35.176,101.115,25714,14406.69,SUP018,18,12857.0,2881.34,67.0,707.8,1341.0,191.9,95950.0,96525.0,192475.0,0.0,True
P00179,LG Double Door Refrigerator 449,Appliances,40242154.17,0.0024813639167850267,0.7928379727162179,B,26.547,93.912,19406,23083.27,SUP023,8,9703.0,4616.65,46.0,438.3,650.7,210.9,105450.0,106183.0,211633.0,0.0,True
P00256,boAt 4K Smart TV 79,Electronics,40228696.5,0.0024805341059205054,0.7953185068221384,B,49.698,121.748,36329,13200.31,SUP014,14,18164.5,2640.06,83.0,751.6,1447.4,218.8,109400.0,109562.0,218962.0,0.0,True
P00169,Pepperfry 3-Seater Sofa 477,Home & Furniture,39969610.49,0.0024645586520757145,0.7977830654742142,B,29.975,104.571,21912,21072.81,SUP011,18,10956.0,4214.56,51.0,732.0,1271.6,214.8,107400.0,107471.0,214871.0,0.0,True
P00307,LG Air Conditioner 41,Appliances,38166845.3,0.0023533986859863017,0.8001364641602005,B,29.405,100.922,21495,24779.51,SUP017,20,10747.5,4955.9,47.0,744.7,1332.8,228.7,114350.0,116464.0,230814.0,0.0,True
P00318,Motorola Smartwatch 447,Mobiles & Accessories,37944796.1,0.0023397069519329166,0.8024761711121333,B,49.28,119.143,36024,12144.7,SUP015,20,18012.0,2428.94,86.0,879.2,1864.8,209.4,104700.0,104444.0,209144.0,0.0,True
P00150,Durian Bed with Storage 193,Home & Furniture,36452131.72,0.0022476680536981032,0.8047238391658315,B,12.717,61.812,9296,39718.0,SUP008,20,4648.0,7943.6,24.0,456.1,710.4,193.7,96850.0,95323.0,192173.0,0.0,True
P00108,Nilkamal Wardrobe 14,Home & Furniture,36226030.78,0.002233726486064892,0.8069575656518964,B,41.87,120.233,30607,11013.36,SUP006,17,15303.5,2202.67,83.0,818.0,1529.8,184.4,92200.0,91411.0,183611.0,0.0,True
P00219,Nivia Football 582,Sports & Fitness,36065459.9,0.002223825555164541,0.8091813912070609,B,68.728,147.159,50240,7580.5,SUP022,11,25120.0,1516.1,129.0,805.3,1561.3,194.7,97350.0,97788.0,195138.0,0.0,True
P00341,Yonex Football 980,Sports & Fitness,35556998.81,0.0021924734313074207,0.8113738646383684,B,68.865,145.645,50340,6364.18,SUP003,19,25170.0,1272.84,141.0,1047.5,2355.9,178.5,89250.0,89735.0,178985.0,0.0,True
P00081,JBL Bluetooth Speaker 45,Electronics,35170492.67,0.002168641148737249,0.8135425057871056,B,24.978,90.516,18259,21151.31,SUP024,3,9129.5,4230.26,46.0,258.7,333.6,198.5,99250.0,97296.0,196546.0,0.0,True
P00022,boAt Home Theatre System 178,Electronics,34592103.04,0.0021329771742973676,0.815675482961403,B,38.888,131.061,28427,14718.13,SUP023,8,14213.5,2943.63,69.0,611.6,922.7,206.0,103000.0,101555.0,204555.0,0.0,True
P00278,Durian Study Table 849,Home & Furniture,34266075.44,0.0021128740476332604,0.8177883570090363,B,43.375,111.857,31707,9965.49,SUP020,16,15853.5,1993.1,89.0,738.3,1432.3,178.1,89050.0,88693.0,177743.0,0.0,True
P00387,HRX Casual Sneakers 42,Fashion,33435217.15,0.002061642650525184,0.8198499996595615,B,117.609,196.235,85972,3497.32,SUP005,4,42986.0,699.46,248.0,647.6,1118.0,173.3,86650.0,86733.0,173383.0,321.7,True
P00083,Bosch Front Load Washing Machine 436,Appliances,32722738.82,0.002017710657916518,0.8218677103174781,B,23.706,84.359,17329,18622.59,SUP006,17,8664.5,3724.52,48.0,573.9,976.9,180.5,90250.0,89388.0,179638.0,0.0,True
P00138,Sony 4K Smart TV 599,Electronics,32591063.98,0.002009591480316229,0.8238773017977943,B,6.055,38.331,4426,60398.65,SUP003,19,2213.0,12079.73,14.0,275.7,390.7,158.1,79050.0,84558.0,163608.0,0.0,True
P00357,Yonex Badminton Racquet 895,Sports & Fitness,32378108.41,0.001996460466875842,0.8258737622646701,B,63.8,136.404,46638,6259.33,SUP024,3,23319.0,1251.87,136.0,389.8,581.2,171.5,85750.0,85127.0,170877.0,0.0,True
P00271,Sony 4K Smart TV 400,Electronics,32373830.19,0.0019961966683552353,0.8278699589330254,B,9.709,64.963,7097,47664.49,SUP012,13,3548.5,9532.9,19.0,386.5,512.7,186.8,93400.0,90563.0,183963.0,0.0,True
P00255,Dell Bluetooth Speaker 155,Electronics,32294107.54,0.001991280904993642,0.8298612398380191,B,32.765,109.105,23951,17415.89,SUP022,11,11975.5,3483.18,59.0,597.1,957.5,203.0,101500.0,102754.0,204254.0,0.0,True
P00100,LG Air Conditioner 981,Appliances,32080260.95,0.001978094950536236,0.8318393347885553,B,25.528,82.343,18661,16590.78,SUP006,17,9330.5,3318.16,53.0,560.2,994.2,176.0,88000.0,87931.0,175931.0,0.0,True
P00095,Bosch Air Conditioner 372,Appliances,31278665.0,0.0019286678930837842,0.8337680026816391,B,8.005,42.572,5852,37454.81,SUP005,4,2926.0,7490.96,20.0,140.5,172.5,146.3,73150.0,74910.0,148060.0,0.0,True
P00148,Bajaj Double Door Refrigerator 399,Appliances,30945460.849999998,0.001908122254516816,0.835676124936156,B,17.899,72.685,13084,26678.46,SUP024,3,6542.0,5335.69,35.0,207.7,261.4,186.9,93450.0,93375.0,186825.0,0.0,True
P00272,boAt Laptop 484,Electronics,30575430.48,0.0018853058813089153,0.8375614308174648,B,29.714,101.485,21721,18617.61,SUP010,20,10860.5,3723.52,54.0,748.9,1343.2,201.1,100550.0,100535.0,201085.0,0.0,True
P00155,Samsung Double Door Refrigerator 587,Appliances,30274264.19,0.0018667357232154621,0.8394281665406803,B,35.643,105.453,26055,15273.19,SUP007,6,13027.5,3054.64,65.0,426.2,640.1,200.4,100200.0,99276.0,199476.0,0.0,True
P00072,Cosco Football 927,Sports & Fitness,29992209.93,0.0018493440284174422,0.8412775105690977,B,61.391,143.296,44877,6840.45,SUP013,9,22438.5,1368.09,128.0,709.3,1261.8,175.3,87650.0,87558.0,175208.0,0.0,True
P00244,Bajaj Microwave Oven 190,Appliances,29808301.42,0.0018380040802929978,0.8431155146493907,B,23.782,98.075,17385,21926.08,SUP001,16,8692.5,4385.22,45.0,647.3,1027.8,193.2,96600.0,98667.0,195267.0,0.0,True
P00126,Whirlpool Mixer Grinder 685,Appliances,28718451.42,0.0017708030439547344,0.8448863176933454,B,21.986,84.546,16072,18956.49,SUP011,18,8036.0,3791.3,46.0,591.9,987.6,174.7,87350.0,87200.0,174550.0,0.0,True
P00053,Whirlpool Microwave Oven 385,Appliances,28150572.13,0.0017357871456173144,0.8466221048389627,B,16.399,71.387,11988,21351.63,SUP022,11,5994.0,4270.33,37.0,390.7,571.1,162.0,81000.0,79001.0,160001.0,0.0,True
P00308,Cosco Yoga Mat 332,Sports & Fitness,27963134.1,0.001724229564422469,0.8483463344033851,B,49.105,119.419,35896,7546.29,SUP018,18,17948.0,1509.26,109.0,836.0,1719.9,164.7,82350.0,82255.0,164605.0,0.0,True
P00309,Puma Casual Sneakers 504,Fashion,27712676.7,0.001708786157679718,0.8500551205610648,B,113.821,193.518,83203,3478.48,SUP001,16,41601.5,695.7,245.0,1277.2,3098.3,169.8,84900.0,85223.0,170123.0,337.6,True
P00187,Cosco Cricket Kit 666,Sports & Fitness,27651331.35,0.001705003553564901,0.8517601241146298,B,66.602,144.859,48686,6388.68,SUP011,18,24343.0,1277.74,138.0,1014.1,2212.9,176.4,88200.0,88164.0,176364.0,165.8,True
P00290,Prestige Microwave Oven 535,Appliances,27528442.42,0.0016974261223124348,0.8534575502369421,B,11.278,54.88,8244,41490.82,SUP020,16,4122.0,8298.16,22.0,362.2,542.6,187.4,93700.0,91280.0,184980.0,0.0,True
P00384,Nivia Cricket Kit 476,Sports & Fitness,27328597.95,0.0016851035499488333,0.855142653786891,B,57.17,139.929,41791,5917.11,SUP025,9,20895.5,1183.42,133.0,692.6,1207.1,157.1,78550.0,78697.0,157247.0,0.0,True
P00096,Yonex Resistance Band Set 852,Sports & Fitness,27036498.5,0.0016670924605752162,0.8568097462474662,B,56.862,136.828,41566,6802.49,SUP022,11,20783.0,1360.5,124.0,748.8,1374.3,167.6,83800.0,84351.0,168151.0,0.0,True
P00101,Decathlon Cricket Kit 962,Sports & Fitness,26966884.94,0.0016628000319151293,0.8584725462793813,B,55.349,128.26,40460,6163.03,SUP010,20,20230.0,1232.61,128.0,946.4,2053.4,158.0,79000.0,78887.0,157887.0,0.0,True
P00170,Voltas Microwave Oven 49,Appliances,26966223.21,0.0016627592291057736,0.860135305508487,B,32.387,92.589,23675,11228.93,SUP020,16,11837.5,2245.79,73.0,611.1,1129.3,162.2,81100.0,81971.0,163071.0,0.0,True
P00238,@home 3-Seater Sofa 98,Home & Furniture,26926529.84,0.0016603117036667148,0.8617956172121538,B,21.438,80.287,15671,17753.56,SUP024,3,7835.5,3550.71,47.0,229.5,293.8,166.7,83350.0,83442.0,166792.0,0.0,True
P00312,Wakefit Study Table 309,Home & Furniture,26800588.35,0.0016525460490849056,0.8634481632612387,B,40.446,108.572,29566,9651.41,SUP019,3,14783.0,1930.28,88.0,310.3,431.6,168.0,84000.0,84932.0,168932.0,0.0,True
P00074,IFB Mixer Grinder 736,Appliances,26754836.36,0.0016497249442149345,0.8650978882054536,B,9.808,50.179,7170,35316.63,SUP006,17,3585.0,7063.33,23.0,341.4,508.1,155.9,77950.0,81228.0,159178.0,0.0,True
P00107,Nike Resistance Band Set 741,Sports & Fitness,26678796.99,0.0016450362948902488,0.8667429245003438,B,64.498,150.784,47148,5792.09,SUP024,3,23574.0,1158.42,143.0,430.9,624.4,164.9,82450.0,82827.0,165277.0,0.0,True
P00237,Adidas Denim Jacket 707,Fashion,25915906.69,0.0015979958592592827,0.8683409203596031,B,122.302,203.433,89403,2559.86,SUP019,3,44701.5,511.97,295.0,581.4,948.3,151.5,75750.0,75516.0,151266.0,0.0,True
P00220,LG Double Door Refrigerator 745,Appliances,25028610.21,0.001543284437508314,0.8698842047971114,B,6.903,41.23,5046,37998.28,SUP009,9,2523.0,7599.66,18.0,204.1,266.2,140.2,70100.0,68397.0,138497.0,0.0,True
P00131,Allen Solly Casual Sneakers 983,Fashion,24522842.17,0.0015120983693018893,0.8713963031664133,B,79.618,163.872,58201,4154.87,SUP005,4,29100.5,830.97,187.0,540.8,859.3,155.6,77800.0,77696.0,155496.0,0.0,True
P00149,HRX Cotton Kurta 250,Fashion,24429611.18,0.0015063496707224129,0.8729026528371356,B,119.22,204.423,87150,3159.39,SUP003,19,43575.0,631.88,263.0,1470.2,3735.4,165.7,82850.0,83092.0,165942.0,479.7,True
P00164,Haier Mixer Grinder 743,Appliances,24057517.34,0.0014834060622780545,0.8743860588994137,B,32.059,102.622,23435,11761.11,SUP017,20,11717.5,2352.22,71.0,757.3,1398.5,165.0,82500.0,83504.0,166004.0,0.0,True
P00110,Durian Bookshelf 593,Home & Furniture,23939872.79,0.0014761520037566537,0.8758622109031703,B,17.51,75.812,12800,16052.6,SUP003,19,6400.0,3210.52,45.0,545.3,878.0,142.2,71100.0,72237.0,143337.0,0.0,True
P00181,Mamaearth Sunscreen SPF 50 977,Beauty & Personal Care,23821051.42,0.0014688253815580649,0.8773310362847283,B,131.847,199.834,96380,2290.41,SUP016,12,48190.0,458.08,324.0,1142.2,2724.4,148.7,74350.0,74209.0,148559.0,432.3,True
P00025,Haier Mixer Grinder 444,Appliances,23602689.06,0.0014553609810540788,0.8787863972657823,B,23.777,88.823,17381,16003.11,SUP017,20,8690.5,3200.62,52.0,655.4,1130.9,167.1,83550.0,83216.0,166766.0,0.0,True
P00030,LG 4K Smart TV 891,Electronics,23501885.04,0.0014491453232928614,0.8802355425890752,B,65.291,145.79,47728,5952.13,SUP010,20,23864.0,1190.43,142.0,1075.8,2381.6,168.1,84050.0,84521.0,168571.0,0.0,True
P00153,Plum Vitamin C Serum 81,Beauty & Personal Care,23474192.78,0.0014474377960454893,0.8816829803851207,B,144.19,258.434,105403,2462.96,SUP016,12,52701.5,492.59,327.0,1477.1,3207.4,161.2,80600.0,80538.0,161138.0,529.0,True
P00250,Decathlon Cricket Kit 353,Sports & Fitness,22985747.4,0.0014173198571267051,0.8831003002422474,B,50.633,117.443,37013,5212.11,SUP011,18,18506.5,1042.42,133.0,822.1,1733.5,139.1,69550.0,69321.0,138871.0,0.0,True
P00082,@home Wardrobe 704,Home & Furniture,22886837.36,0.0014112209837108597,0.8845115212259582,B,30.108,95.172,22009,10616.32,SUP018,18,11004.5,2123.26,72.0,666.2,1208.1,152.8,76400.0,76437.0,152837.0,0.0,True
P00026,W Running Shoes 117,Fashion,22831847.57,0.0014078302685885738,0.8859193514945468,B,74.963,148.313,54798,4058.68,SUP003,19,27399.0,811.74,184.0,1066.7,2491.0,148.9,74450.0,74680.0,149130.0,206.1,True
P00327,Mi Bluetooth Speaker 617,Electronics,22708285.34,0.001400211321111153,0.8873195628156579,B,42.68,114.741,31199,8877.74,SUP023,8,15599.5,1775.55,94.0,535.5,876.9,166.0,83000.0,83451.0,166451.0,0.0,True
P00158,Samsung Mixer Grinder 712,Appliances,22474279.34,0.0013857823210566762,0.8887053451367146,B,11.728,54.549,8573,23801.81,SUP013,9,4286.5,4760.36,30.0,270.0,375.6,142.9,71450.0,71405.0,142855.0,0.0,True
P00050,Himalaya Vitamin C Serum 780,Beauty & Personal Care,22279078.66,0.0013737460885568519,0.8900790912252715,B,124.822,207.391,91245,2266.37,SUP024,3,45622.5,453.27,317.0,592.7,967.2,143.9,71950.0,71843.0,143793.0,177.6,True
P00039,HP 4K Smart TV 965,Electronics,21436417.25,0.0013217869014813257,0.8914008781267528,B,29.375,90.175,21473,11318.97,SUP003,19,10736.5,2263.79,69.0,648.6,1206.7,155.6,77800.0,78101.0,155901.0,0.0,True
P00171,W Cotton Kurta 662,Fashion,21247328.14,0.0013101275133524273,0.8927110056401053,B,74.129,144.387,54188,3435.88,SUP009,9,27094.0,687.18,199.0,714.7,1381.9,136.2,68100.0,68374.0,136474.0,0.0,True
P00062,Reebok Football 764,Sports & Fitness,21192365.330000002,0.0013067384618388586,0.8940177441019441,B,65.312,150.782,47743,5468.48,SUP004,16,23871.5,1093.7,148.0,995.2,2040.2,161.3,80650.0,80934.0,161584.0,0.0,True
P00091,Kore Resistance Band Set 150,Sports & Fitness,21020475.91,0.0012961396205675064,0.8953138837225116,B,73.8,178.554,53948,4580.96,SUP001,16,26974.0,916.19,172.0,1178.5,2359.3,156.8,78400.0,78792.0,157192.0,0.0,True
P00143,Reebok Football 735,Sports & Fitness,21009231.23,0.001295446264464105,0.8966093299869757,B,37.421,103.045,27355,7326.89,SUP013,9,13677.5,1465.38,97.0,510.1,846.9,141.0,70500.0,71071.0,141571.0,0.0,True
P00381,@home Study Table 212,Home & Furniture,20875066.86,0.0012871735804216493,0.8978965035673974,B,34.538,101.593,25247,8951.83,SUP004,16,12623.5,1790.37,84.0,670.5,1223.1,150.3,75150.0,75196.0,150346.0,0.0,True
P00159,Prestige Double Door Refrigerator 252,Appliances,20402216.25,0.0012580172276894569,0.8991545207950868,B,13.752,63.868,10053,19851.94,SUP009,9,5026.5,3970.39,36.0,316.1,439.9,139.6,69800.0,71467.0,141267.0,0.0,True
P00247,Decathlon Football 427,Sports & Fitness,20351780.169999998,0.0012549072980249712,0.9004094280931119,C,37.479,109.318,27397,7960.07,SUP019,3,13698.5,1592.01,93.0,312.4,424.8,147.3,73650.0,74028.0,147678.0,0.0,True
P00029,Yonex Football 263,Sports & Fitness,20254613.83,0.0012489159425676183,0.9016583440356795,C,40.28,119.06,29445,7637.33,SUP012,13,14722.5,1527.47,98.0,708.3,1231.9,150.2,75100.0,74846.0,149946.0,0.0,True
P00036,Nike Yoga Mat 717,Sports & Fitness,19898701.8,0.001226970117673133,0.9028853141533526,C,60.244,133.631,44038,4774.6,SUP023,8,22019.0,954.92,152.0,623.6,1105.6,144.9,72450.0,72574.0,145024.0,146.0,True
P00212,Cosco Cricket Kit 970,Sports & Fitness,19877360.5,0.0012256541957785551,0.9041109683491312,C,37.503,114.468,27415,7835.48,SUP011,18,13707.5,1567.1,94.0,801.3,1476.4,145.8,72900.0,73654.0,146554.0,0.0,True
P00260,Cosco Resistance Band Set 645,Sports & Fitness,19867082.06,0.0012250204188184774,0.9053359887679496,C,39.008,101.583,28515,6176.3,SUP025,9,14257.5,1235.26,107.0,502.8,853.9,133.2,66600.0,66086.0,132686.0,0.0,True
P00122,realme Smartwatch 319,Mobiles & Accessories,19653233.36,0.0012118343342567574,0.9065478231022064,C,57.986,135.159,42388,5988.83,SUP013,9,21194.0,1197.77,133.0,669.0,1190.9,159.4,79700.0,79652.0,159352.0,0.0,True
P00349,Biba Slim Fit Shirt 575,Fashion,18931266.44,0.0011673172674806472,0.907715140369687,C,107.409,181.212,78516,2232.66,SUP005,4,39258.0,446.53,297.0,598.0,1027.6,132.2,66100.0,66310.0,132410.0,79.9,True
P00044,Nivia Cricket Kit 316,Sports & Fitness,18914992.04,0.0011663137747561587,0.9088814541444432,C,60.938,137.577,44546,4877.14,SUP003,19,22273.0,975.43,151.0,989.5,2147.3,147.5,73750.0,73645.0,147395.0,0.0,True
P00231,JBL Laptop 958,Electronics,18765612.7,0.0011571029233036418,0.9100385570677468,C,62.621,140.187,45776,5159.1,SUP011,18,22888.0,1031.82,149.0,981.4,2108.6,153.6,76800.0,76871.0,153671.0,0.0,True
P00191,Nivea Sunscreen SPF 50 422,Beauty & Personal Care,18551277.01,0.0011438868105429164,0.9111824438782897,C,128.565,214.482,93981,1989.91,SUP025,9,46990.5,397.98,344.0,1061.7,2218.8,136.6,68300.0,68453.0,136753.0,269.8,True
P00041,W Cotton Kurta 609,Fashion,18263445.33,0.0011261388753344165,0.9123085827536241,C,72.372,159.165,52904,3636.47,SUP007,6,26452.0,727.29,191.0,643.3,1077.5,138.5,69250.0,69456.0,138706.0,144.4,True
P00124,@home Wardrobe 863,Home & Furniture,17925019.01,0.0011052712335230255,0.9134138539871471,C,9.735,44.117,7116,19097.47,SUP009,9,3558.0,3819.49,31.0,218.4,306.0,114.8,57400.0,59202.0,116602.0,0.0,True
P00206,Allen Solly Slim Fit Shirt 221,Fashion,17831428.23,0.0010995003499998741,0.914513354337147,C,89.063,160.838,65105,2739.53,SUP003,19,32552.5,547.91,244.0,1156.8,2849.0,133.4,66700.0,66845.0,133545.0,0.0,True
P00186,Cosco Cricket Kit 980,Sports & Fitness,16927109.25,0.0010437393070706993,0.9155570936442177,C,67.617,147.394,49428,3555.56,SUP011,18,24714.0,711.11,186.0,1031.8,2248.9,132.9,66450.0,66133.0,132583.0,0.0,True
P00135,LG Home Theatre System 511,Electronics,16677320.61,0.0010283371366128149,0.9165854307808304,C,15.33,68.156,11206,14647.24,SUP010,20,5603.0,2929.45,44.0,502.9,809.5,127.3,63650.0,64448.0,128098.0,0.0,True
P00006,Nike Yoga Mat 474,Sports & Fitness,16663797.54,0.0010275032931311662,0.9176129340739616,C,30.784,101.721,22503,7749.82,SUP023,8,11251.5,1549.96,85.0,474.7,721.0,132.4,66200.0,65873.0,132073.0,0.0,True
P00265,The Man Company Body Lotion 303,Beauty & Personal Care,16639639.76,0.0010260137047918242,0.9186389477787534,C,95.42,173.661,69752,2353.13,SUP004,16,34876.0,470.63,272.0,1146.2,2672.9,128.2,64100.0,64006.0,128106.0,390.2,True
P00189,WOW Face Wash 104,Beauty & Personal Care,16555258.68,0.001020810698852161,0.9196597584776056,C,90.17,183.039,65914,2480.9,SUP011,18,32957.0,496.18,258.0,1281.3,2904.4,127.7,63850.0,64007.0,127857.0,342.9,True
P00338,Nilkamal Bookshelf 811,Home & Furniture,16504740.46,0.0010176957043685493,0.9206774541819742,C,22.13,85.852,16177,11624.26,SUP017,20,8088.5,2324.85,59.0,633.5,1076.1,137.1,68550.0,68583.0,137133.0,0.0,True
P00055,Reebok Resistance Band Set 635,Sports & Fitness,16428836.43,0.0010130154002182068,0.9216904695821925,C,42.601,116.46,31141,5324.92,SUP018,18,15570.5,1064.98,121.0,815.3,1582.1,128.7,64350.0,64431.0,128781.0,0.0,True
P00161,Solimo 3-Seater Sofa 951,Home & Furniture,16291090.02,0.0010045218446794856,0.922694991426872,C,11.337,59.333,8287,19894.6,SUP019,3,4143.5,3978.92,32.0,169.6,203.6,129.5,64750.0,63663.0,128413.0,0.0,True
P00240,Mamaearth Body Lotion 935,Beauty & Personal Care,16077638.78,0.000991360267824242,0.9236863516946962,C,89.979,180.473,65775,2441.77,SUP004,16,32887.5,488.35,260.0,1191.1,2630.8,126.5,63250.0,63486.0,126736.0,298.1,True
P00253,Van Heusen Denim Jacket 119,Fashion,16074905.61,0.0009911917383417547,0.9246775434330379,C,45.666,111.079,33382,3425.9,SUP008,20,16691.0,685.18,156.0,819.7,1733.0,107.0,53500.0,53444.0,106944.0,0.0,True
P00154,Yonex Resistance Band Set 619,Sports & Fitness,15874554.84,0.0009788379471088612,0.9256563813801467,C,62.629,151.273,45782,4557.32,SUP012,13,22891.0,911.46,158.0,899.9,1714.1,144.9,72450.0,72005.0,144455.0,0.0,True
P00302,LG Mixer Grinder 229,Appliances,15836826.32,0.000976511575916946,0.9266328929560637,C,6.576,38.257,4807,25571.83,SUP022,11,2403.5,5114.37,22.0,209.4,281.7,109.2,54600.0,56258.0,110858.0,0.0,True
P00266,LG 4K Smart TV 834,Electronics,15513400.8,0.0009565688956194356,0.9275894618516831,C,30.534,101.393,22320,7099.19,SUP024,3,11160.0,1419.84,89.0,289.8,381.4,125.4,62700.0,63183.0,125883.0,0.0,True
P00182,Reebok Resistance Band Set 247,Sports & Fitness,15510965.85,0.000956418754624407,0.9285458806063075,C,36.977,109.311,27030,6171.94,SUP003,19,13515.0,1234.39,105.0,786.2,1488.8,128.7,64350.0,64805.0,129155.0,0.0,True
P00115,Nike Football 753,Sports & Fitness,15384593.74,0.000948626547663584,0.9294945071539711,C,71.105,150.854,51978,2943.35,SUP017,20,25989.0,588.67,210.0,1113.2,2535.3,123.8,61900.0,61810.0,123710.0,290.0,True
P00217,LG Mixer Grinder 222,Appliances,15352397.49,0.0009466413007340012,0.930441148454705,C,18.456,68.642,13491,10634.53,SUP017,20,6745.5,2126.91,56.0,506.5,875.6,120.5,60250.0,59553.0,119803.0,0.0,True
P00106,U.S. Polo Assn. Casual Sneakers 58,Fashion,15236123.64,0.0009394717606880868,0.9313806202153931,C,57.977,143.237,42381,3745.98,SUP014,14,21190.5,749.2,168.0,884.3,1696.0,126.1,63050.0,62933.0,125983.0,0.0,True
P00353,Mamaearth Body Lotion 271,Beauty & Personal Care,15123635.18,0.0009325356308646293,0.9323131558462577,C,141.791,216.36,103649,1571.46,SUP024,3,51824.5,314.29,406.0,618.3,1043.7,127.6,63800.0,63801.0,127601.0,112.1,True
P00116,Yonex Football 909,Sports & Fitness,14850800.25,0.0009157124074437204,0.9332288682537014,C,28.538,95.601,20861,7206.88,SUP005,4,10430.5,1441.38,85.0,315.5,429.7,122.7,61350.0,61259.0,122609.0,0.0,True
P00232,Dell Soundbar 935,Electronics,14837687.85,0.0009149038862078789,0.9341437721399093,C,7.176,45.992,5246,28555.31,SUP015,20,2623.0,5711.06,21.0,339.4,482.9,124.9,62450.0,59966.0,122416.0,0.0,True
P00017,Voltas Double Door Refrigerator 908,Appliances,14265452.93,0.0008796194161863685,0.9350233915560957,C,37.817,108.468,27644,6462.98,SUP001,16,13822.0,1292.6,103.0,715.9,1321.0,134.2,67100.0,66569.0,133669.0,0.0,True
P00174,@home 3-Seater Sofa 658,Home & Furniture,13904757.49,0.0008573786423454859,0.9358807701984412,C,33.877,110.896,24764,6185.83,SUP025,9,12382.0,1237.17,100.0,548.9,853.8,123.8,61900.0,61858.0,123758.0,0.0,True
P00047,Nivea Vitamin C Serum 52,Beauty & Personal Care,13783168.83,0.0008498813867974924,0.9367306515852387,C,132.729,211.152,97025,1310.86,SUP002,5,48512.5,262.17,430.0,779.0,1442.6,112.8,56400.0,56367.0,112767.0,352.8,True
P00141,Nivia Football 103,Sports & Fitness,13769377.56,0.0008490310058859718,0.9375796825911247,C,33.105,105.039,24200,6429.42,SUP016,12,12100.0,1285.88,97.0,600.4,997.7,124.7,62350.0,62365.0,124715.0,0.0,True
P00104,Redmi Bluetooth Neckband 984,Mobiles & Accessories,13766079.36,0.0008488276361946831,0.9384285102273193,C,56.899,135.975,41593,4304.87,SUP017,20,20796.5,860.97,155.0,1003.4,2141.4,134.2,67100.0,66725.0,133825.0,0.0,True
P00251,WOW Body Lotion 813,Beauty & Personal Care,13604713.37,0.000838877678165826,0.9392673879054851,C,77.316,157.022,56518,2405.41,SUP023,8,28259.0,481.08,242.0,732.8,1351.3,116.8,58400.0,58211.0,116611.0,134.8,True
P00205,Mamaearth Sunscreen SPF 50 935,Beauty & Personal Care,13562929.25,0.0008363012353833493,0.9401036891408685,C,83.3,171.952,60892,2236.63,SUP016,12,30446.0,447.33,261.0,982.8,1982.4,116.7,58350.0,58377.0,116727.0,202.8,True
P00281,Nike Badminton Racquet 126,Sports & Fitness,13441674.18,0.0008288245492657472,0.9409325136901342,C,24.594,85.119,17978,6617.9,SUP020,16,8989.0,1323.58,82.0,561.8,955.3,109.6,54800.0,54267.0,109067.0,0.0,True
P00400,Adidas Denim Jacket 132,Fashion,13427315.27,0.0008279391672107049,0.9417604528573449,C,35.839,104.559,26198,4462.79,SUP025,9,13099.0,892.56,121.0,517.6,840.2,108.3,54150.0,54000.0,108150.0,0.0,True
P00230,Wakefit Bed with Storage 637,Home & Furniture,13111741.48,0.0008084806309633374,0.9425689334883083,C,42.631,119.569,31163,4184.65,SUP022,11,15581.5,836.93,136.0,654.3,1123.2,114.6,57300.0,56911.0,114211.0,0.0,True
P00226,Reebok Resistance Band Set 874,Sports & Fitness,12923887.32,0.0007968973908546492,0.9433658308791629,C,24.56,93.41,17953,6750.42,SUP019,3,8976.5,1350.08,82.0,267.0,340.7,109.5,54750.0,55353.0,110103.0,0.0,True
P00369,Godrej Interio Study Table 872,Home & Furniture,12760913.7,0.0007868483050540359,0.944152679184217,C,25.457,86.738,18609,5224.33,SUP002,5,9304.5,1044.87,94.0,320.0,447.3,99.0,49500.0,49109.0,98609.0,0.0,True
P00224,Kore Badminton Racquet 486,Sports & Fitness,12638913.84,0.0007793256945800046,0.944932004878797,C,59.731,135.591,43663,3183.37,SUP022,11,21831.5,636.67,185.0,742.0,1399.0,118.0,59000.0,58892.0,117892.0,0.0,True
P00292,Biba Slim Fit Shirt 643,Fashion,12513497.77,0.0007715924378222194,0.9457035973166192,C,64.513,137.398,47159,2509.35,SUP021,16,23579.5,501.87,217.0,906.8,1939.0,108.7,54350.0,54453.0,108803.0,0.0,True
P00051,Prestige Mixer Grinder 858,Appliances,11992531.39,0.0007394692276250424,0.9464430665442443,C,22.432,82.843,16398,8958.18,SUP013,9,8199.0,1791.64,68.0,410.1,612.0,120.6,60300.0,60916.0,121216.0,0.0,True
P00283,Mamaearth Body Lotion 196,Beauty & Personal Care,11851850.38,0.0007307947222664026,0.9471738612665107,C,88.149,159.369,64437,1867.66,SUP015,20,32218.5,373.53,294.0,1176.0,2939.0,109.6,54800.0,54909.0,109709.0,152.0,True
P00093,HRX Slim Fit Shirt 298,Fashion,11717113.43,0.0007224867324760124,0.9478963479989867,C,40.207,110.337,29391,4105.19,SUP017,20,14695.5,821.04,134.0,814.2,1618.3,109.7,54850.0,55010.0,109860.0,0.0,True
P00264,Plum Face Wash 407,Beauty & Personal Care,11648716.83,0.0007182693425581213,0.9486146173415448,C,62.867,130.811,45956,2194.99,SUP021,16,22978.0,439.0,229.0,863.4,1869.3,100.3,50150.0,50266.0,100416.0,215.3,True
P00397,Himalaya Sunscreen SPF 50 848,Beauty & Personal Care,11447598.91,0.0007058682482330344,0.9493204855897779,C,111.393,196.343,81428,1545.09,SUP025,9,40714.0,309.02,363.0,971.9,1974.4,112.2,56100.0,56087.0,112187.0,299.8,True
P00344,Redmi Smartwatch 508,Mobiles & Accessories,11365503.36,0.0007008061699298186,0.9500212917597077,C,36.353,111.145,26574,5042.92,SUP003,19,13287.0,1008.58,115.0,799.4,1490.1,115.5,57750.0,57993.0,115743.0,0.0,True
P00207,Godrej Interio Bookshelf 860,Home & Furniture,11361678.34,0.0007005703160893685,0.9507218620757971,C,11.312,60.166,8269,19369.39,SUP009,9,4134.5,3873.88,33.0,297.8,399.6,125.3,62650.0,63919.0,126569.0,0.0,True
P00175,Roadster Casual Sneakers 861,Fashion,11357709.1,0.0007003255695265615,0.9514221876453237,C,100.323,188.21,73336,1637.82,SUP012,13,36668.0,327.56,335.0,1119.7,2423.9,109.5,54750.0,54866.0,109616.0,0.0,True
P00016,Cosco Cricket Kit 308,Sports & Fitness,11028449.57,0.0006800231594332005,0.9521022108047569,C,30.033,91.044,21954,5661.67,SUP013,9,10977.0,1132.33,98.0,450.7,721.0,112.0,56000.0,55484.0,111484.0,0.0,True
P00282,Adidas Casual Sneakers 788,Fashion,10872568.53,0.0006704114078770355,0.9527726222126339,C,59.25,136.924,43312,2397.43,SUP009,9,21656.0,479.49,213.0,677.8,1211.0,101.7,50850.0,51066.0,101916.0,0.0,True
P00268,Van Heusen Running Shoes 963,Fashion,10651228.82,0.0006567634215534033,0.9534293856341873,C,43.55,127.931,31835,3711.51,SUP003,19,15917.5,742.3,146.0,920.1,1747.6,109.0,54500.0,54188.0,108688.0,0.0,True
P00121,The Man Company Body Lotion 111,Beauty & Personal Care,10481612.33,0.0006463047309922631,0.9540756903651796,C,146.404,229.442,107021,1139.13,SUP003,19,53510.5,227.83,485.0,1650.2,4431.9,110.3,55150.0,55249.0,110399.0,677.5,True
P00061,Acer Laptop 660,Electronics,10371346.85,0.0006395056719214404,0.954715196037101,C,9.951,50.529,7274,12536.56,SUP007,6,3637.0,2507.31,38.0,204.2,263.9,95.7,47850.0,47639.0,95489.0,0.0,True
P00360,The Man Company Sunscreen SPF 50 419,Beauty & Personal Care,10025170.91,0.0006181601822454554,0.9553333562193465,C,59.449,133.863,43457,2156.46,SUP017,20,21728.5,431.29,224.0,987.8,2176.8,97.0,48500.0,48304.0,96804.0,176.4,True
P00031,Plum Face Wash 773,Beauty & Personal Care,9981712.3,0.0006154804890493087,0.9559488367083958,C,62.836,155.739,45933,2244.27,SUP010,20,22966.5,448.85,226.0,1149.2,2405.9,101.6,50800.0,50720.0,101520.0,0.0,True
P00117,Nike Football 248,Sports & Fitness,9943766.82,0.0006131407399275462,0.9565619774483234,C,25.692,91.852,18781,4848.73,SUP009,9,9390.5,969.75,98.0,454.7,685.9,95.8,47900.0,47518.0,95418.0,0.0,True
P00202,Boldfit Cricket Kit 759,Sports & Fitness,9912263.19,0.0006111982005098123,0.9571731756488332,C,34.658,120.782,25335,4043.68,SUP008,20,12667.5,808.74,125.0,891.3,1584.5,101.3,50650.0,50546.0,101196.0,0.0,True
P00199,Mamaearth Face Wash 875,Beauty & Personal Care,9648967.17,0.0005949631540284249,0.9577681388028616,C,74.295,161.669,54310,1668.5,SUP005,4,27155.0,333.7,285.0,533.5,830.7,95.3,47650.0,47552.0,95202.0,0.0,True
P00203,Adidas Slim Fit Shirt 321,Fashion,9546330.4,0.0005886344874133753,0.958356773290275,C,72.56,156.726,53041,1887.82,SUP019,3,26520.5,377.56,265.0,447.9,665.6,100.1,50050.0,50027.0,100077.0,0.0,True
P00342,Puma Slim Fit Shirt 986,Fashion,9294921.17,0.0005731323900596065,0.9589299056803346,C,51.28,132.975,37486,2574.7,SUP009,9,18743.0,514.94,191.0,658.2,1119.7,98.1,49050.0,49177.0,98227.0,0.0,True
P00339,The Man Company Body Lotion 351,Beauty & Personal Care,9170037.43,0.000565431957202059,0.9594953376375367,C,89.521,171.453,65440,1524.44,SUP020,16,32720.0,304.89,328.0,1131.6,2563.9,99.8,49900.0,50002.0,99902.0,147.4,True
P00102,Durian Bookshelf 557,Home & Furniture,8995909.66,0.0005546950974513862,0.9600500327349881,C,24.912,93.778,18211,5666.22,SUP002,5,9105.5,1133.24,90.0,346.0,470.6,101.2,50600.0,50996.0,101596.0,0.0,True
P00172,U.S. Polo Assn. Casual Sneakers 565,Fashion,8877246.2,0.0005473782121116751,0.9605974109470998,C,59.122,132.409,43218,1806.93,SUP010,20,21609.0,361.39,245.0,977.0,2159.4,88.2,44100.0,44270.0,88370.0,145.5,True
P00330,Cosco Badminton Racquet 736,Sports & Fitness,8779819.64,0.0005413708112777329,0.9611387817583775,C,69.269,150.728,50636,1990.76,SUP017,20,25318.0,398.15,252.0,1112.2,2497.6,100.5,50250.0,50167.0,100417.0,0.0,True
P00383,Bosch Front Load Washing Machine 730,Appliances,8669253.65,0.0005345532225161913,0.9616733349808937,C,6.057,39.579,4428,18165.84,SUP016,12,2214.0,3633.17,25.0,226.2,298.9,88.6,44300.0,45415.0,89715.0,0.0,True
P00064,Aashirvaad Basmati Rice 5kg 781,Grocery,8613242.92,0.000531099555404146,0.9622044345362978,C,202.182,249.083,147795,664.83,SUP013,9,73897.5,132.97,745.0,1233.0,3052.6,99.2,49600.0,49531.0,99131.0,660.1,True
P00009,HP Home Theatre System 788,Electronics,8520079.48,0.0005253550220125438,0.9627297895583103,C,5.895,31.108,4309,14298.22,SUP005,4,2154.5,2859.64,27.0,102.7,126.3,79.8,39900.0,38605.0,78505.0,0.0,True
P00296,Haldiram's Basmati Rice 5kg 641,Grocery,8453392.01,0.0005212430184388622,0.9632510325767492,C,191.828,235.049,140226,703.74,SUP018,18,70113.0,140.75,706.0,1645.4,5098.3,99.3,49650.0,49685.0,99335.0,769.2,True
P00372,Pepperfry 3-Seater Sofa 345,Home & Furniture,8240169.63,0.0005080955532771327,0.9637591281300263,C,34.254,101.91,25040,3581.71,SUP006,17,12520.0,716.34,132.0,693.3,1275.6,94.8,47400.0,47278.0,94678.0,0.0,True
P00080,Yonex Badminton Racquet 637,Sports & Fitness,8190558.01,0.0005050364604859962,0.9642641645905122,C,47.674,128.813,34850,2646.23,SUP013,9,17425.0,529.25,181.0,637.6,1066.7,96.3,48150.0,47897.0,96047.0,0.0,True
P00297,Nike Yoga Mat 177,Sports & Fitness,8184437.88,0.0005046590882985164,0.9647688236788108,C,37.026,123.677,27066,3744.92,SUP009,9,13533.0,748.98,134.0,612.2,945.4,101.0,50500.0,50182.0,100682.0,0.0,True
P00043,Puma Casual Sneakers 817,Fashion,8140249.65,0.0005019344061404639,0.9652707580849512,C,96.466,181.477,70517,1303.32,SUP023,8,35258.5,260.66,368.0,846.9,1618.6,95.8,47900.0,47961.0,95861.0,0.0,True
P00004,Himalaya Face Wash 970,Beauty & Personal Care,8056789.59,0.0004967881910421902,0.9657675462759934,C,68.308,153.645,49933,1615.99,SUP018,18,24966.5,323.2,278.0,1075.6,2305.1,89.8,44900.0,44925.0,89825.0,0.0,True
P00085,Haldiram's Basmati Rice 5kg 498,Grocery,7906528.13,0.0004875229473538839,0.9662550692233473,C,184.012,236.916,134513,725.89,SUP017,20,67256.5,145.18,681.0,1748.2,5428.4,98.8,49400.0,49434.0,98834.0,756.8,True
P00218,Himalaya Face Wash 600,Beauty & Personal Care,7788934.35,0.0004802720193519261,0.9667353412426992,C,143.544,220.157,104931,717.81,SUP023,8,52465.5,143.56,605.0,1027.5,2175.9,86.7,43350.0,43427.0,86777.0,313.2,True
P00214,Himalaya Vitamin C Serum 436,Beauty & Personal Care,7711230.62,0.0004754807442375998,0.9672108219869369,C,75.192,157.004,54965,1514.39,SUP020,16,27482.5,302.88,301.0,1036.2,2239.3,91.3,45650.0,45583.0,91233.0,171.8,True
P00003,WOW Face Wash 558,Beauty & Personal Care,7625145.92,0.00047017269170480307,0.9676809946786417,C,52.871,144.757,38649,2074.63,SUP021,16,19324.5,414.93,216.0,955.4,1801.3,89.5,44750.0,44812.0,89562.0,0.0,True
P00263,The Man Company Face Wash 794,Beauty & Personal Care,7614575.2,0.00046952089252249213,0.9681505155711642,C,50.294,120.541,36765,2107.87,SUP018,18,18382.5,421.57,209.0,843.8,1749.1,88.0,44000.0,44054.0,88054.0,0.0,True
P00123,Lakme Vitamin C Serum 214,Beauty & Personal Care,7306266.9,0.0004505103522906362,0.9686010259234548,C,112.023,192.129,81889,1022.81,SUP014,14,40944.5,204.56,447.0,1186.2,2754.5,91.6,45800.0,45719.0,91519.0,267.9,True
P00035,Nivia Football 130,Sports & Fitness,7286219.3,0.0004492742009889938,0.9690503001244437,C,51.873,136.555,37919,2068.35,SUP006,17,18959.5,413.67,214.0,929.0,1810.8,88.6,44300.0,44263.0,88563.0,0.0,True
P00057,Amul Whole Wheat Atta 145,Grocery,7276470.02,0.0004486730524643785,0.9694989731769081,C,198.958,255.288,145438,661.37,SUP001,16,72719.0,132.27,741.0,1684.9,4868.2,98.1,49050.0,49006.0,98056.0,465.5,True
P00142,Aashirvaad Basmati Rice 5kg 186,Grocery,7267746.78,0.00044813517039966563,0.9699471083473078,C,204.572,260.007,149542,623.85,SUP015,20,74771.0,124.77,774.0,1918.6,6010.0,96.6,48300.0,48286.0,96586.0,651.2,True
P00242,U.S. Polo Assn. Denim Jacket 801,Fashion,7267229.66,0.00044810328436038386,0.9703952116316682,C,34.832,106.009,25462,2533.18,SUP020,16,12731.0,506.64,159.0,699.7,1257.0,80.1,40050.0,40278.0,80328.0,0.0,True
P00311,Haldiram's Basmati Rice 5kg 641,Grocery,7260880.49,0.00044771178938044366,0.9708429234210486,C,129.635,199.83,94763,894.36,SUP020,16,47381.5,178.87,515.0,1318.9,3393.1,92.0,46000.0,46059.0,92059.0,426.3,True
P00213,L'Oreal Herbal Shampoo 201,Beauty & Personal Care,7016949.19,0.000432670787265162,0.9712755942083138,C,64.688,142.894,47287,1503.41,SUP013,9,23643.5,300.68,280.0,707.3,1289.5,84.4,42200.0,42095.0,84295.0,151.7,True
P00024,Durian Wardrobe 937,Home & Furniture,6975314.8,0.0004301035769561181,0.9717056977852699,C,24.575,91.61,17964,4273.21,SUP020,16,8982.0,854.64,103.0,604.6,997.8,87.2,43600.0,44014.0,87614.0,0.0,True
P00178,Fortune Refined Sunflower Oil 405,Grocery,6876411.52,0.0004240051203673642,0.9721297029056373,C,207.636,259.869,151782,574.17,SUP018,18,75891.0,114.83,813.0,1819.2,5556.6,93.3,46650.0,46678.0,93328.0,547.8,True
P00362,Plum Face Wash 423,Beauty & Personal Care,6844089.53,0.0004220121202072367,0.9725517150258445,C,87.897,165.53,64253,1122.33,SUP003,19,32126.5,224.47,378.0,1190.5,2860.5,85.0,42500.0,42425.0,84925.0,337.5,True
P00200,Reebok Football 295,Sports & Fitness,6718027.15,0.00041423901144982243,0.9729659540372942,C,51.12,114.741,37369,1780.72,SUP003,19,18684.5,356.14,229.0,825.2,1796.5,81.6,40800.0,40778.0,81578.0,0.0,True
P00087,Fortune Whole Wheat Atta 857,Grocery,6703351.45,0.0004133340958660362,0.9733792881331603,C,179.617,247.994,131300,676.14,SUP004,16,65650.0,135.23,697.0,1636.8,4510.7,94.2,47100.0,47128.0,94228.0,707.4,True
P00157,Bajaj Double Door Refrigerator 271,Appliances,6629445.36,0.00040877698631911787,0.9737880651194795,C,8.025,45.545,5866,8218.86,SUP007,6,2933.0,1643.77,42.0,184.1,232.2,69.8,34900.0,34519.0,69419.0,0.0,True
P00241,realme 5G Smartphone 202,Mobiles & Accessories,6604475.55,0.0004072373275503244,0.9741953024470298,C,20.958,79.866,15320,4864.56,SUP023,8,7660.0,972.91,89.0,372.7,540.4,86.1,43050.0,43294.0,86344.0,0.0,True
P00295,LG 4K Smart TV 141,Electronics,6563807.08,0.0004047296766531444,0.974600032123683,C,9.027,54.23,6599,8274.8,SUP019,3,3299.5,1654.96,45.0,155.0,182.1,73.3,36650.0,37237.0,73887.0,0.0,True
P00073,WOW Face Wash 133,Beauty & Personal Care,6518783.77,0.0004019535027839157,0.9750019856264669,C,48.762,128.497,35645,2111.15,SUP003,19,17822.5,422.23,205.0,924.2,1850.7,86.9,43450.0,43279.0,86729.0,0.0,True
P00042,The Man Company Face Wash 654,Beauty & Personal Care,6428346.91,0.00039637709253004743,0.9753983627189969,C,76.792,158.015,56135,1090.17,SUP011,18,28067.5,218.03,359.0,1106.2,2488.5,78.2,39100.0,39136.0,78236.0,237.7,True
P00291,Mamaearth Vitamin C Serum 712,Beauty & Personal Care,6413691.31,0.0003954734163285893,0.9757938361353256,C,146.238,211.03,106900,653.79,SUP007,6,53450.0,130.76,639.0,852.9,1730.3,83.6,41800.0,41778.0,83578.0,213.9,True
P00209,Plum Face Wash 124,Beauty & Personal Care,6210348.48,0.0003829351322454997,0.9761767712675711,C,38.092,111.177,27845,2331.2,SUP002,5,13922.5,466.24,173.0,410.2,600.7,80.5,40250.0,40330.0,80580.0,0.0,True
P00355,Decathlon Cricket Kit 98,Sports & Fitness,6204532.32,0.0003825765030951495,0.9765593477706662,C,28.302,94.567,20689,3265.79,SUP006,17,10344.5,653.16,126.0,643.4,1124.5,82.1,41050.0,41149.0,82199.0,0.0,True
P00094,Boldfit Football 844,Sports & Fitness,6121189.0,0.00037743748628010933,0.9769367852569464,C,23.111,83.236,16894,4098.33,SUP018,18,8447.0,819.67,102.0,582.7,998.7,82.8,41400.0,41803.0,83203.0,0.0,True
P00177,Kore Resistance Band Set 952,Sports & Fitness,6075092.49,0.000374595138027068,0.9773113803949735,C,51.033,135.74,37305,1859.42,SUP017,20,18652.5,371.88,224.0,1001.6,2022.3,83.3,41650.0,41651.0,83301.0,0.0,True
P00326,Bajaj Front Load Washing Machine 905,Appliances,5929538.79,0.00036562017864470465,0.9776770005736182,C,37.647,109.096,27520,2441.16,SUP018,18,13760.0,488.23,168.0,763.7,1441.3,81.9,40950.0,41011.0,81961.0,0.0,True
P00032,Urban Ladder 3-Seater Sofa 936,Home & Furniture,5849216.73,0.00036066745517558126,0.9780376680287938,C,16.248,75.298,11877,4794.32,SUP025,9,5938.5,958.86,79.0,372.7,518.9,75.2,37600.0,37875.0,75475.0,0.0,True
P00331,Reebok Badminton Racquet 621,Sports & Fitness,5816709.13,0.0003586630101520737,0.9783963310389459,C,22.579,87.973,16505,3212.14,SUP009,9,8252.5,642.43,113.0,435.5,638.7,73.0,36500.0,36297.0,72797.0,0.0,True
P00371,Levis Denim Jacket 898,Fashion,5719146.15,0.0003526471975501108,0.978748978236496,C,33.977,105.993,24837,2172.91,SUP018,18,12418.5,434.58,169.0,742.0,1353.6,73.5,36750.0,36722.0,73472.0,0.0,True
P00048,Cosco Cricket Kit 58,Sports & Fitness,5673216.04,0.0003498151096562443,0.9790987933461522,C,35.226,104.135,25750,2220.28,SUP016,12,12875.0,444.06,170.0,595.2,1017.9,75.7,37850.0,37745.0,75595.0,0.0,True
P00368,W Running Shoes 720,Fashion,5663574.17,0.00034922058411948343,0.9794480139302717,C,78.107,161.58,57096,1040.39,SUP006,17,28548.0,208.08,370.0,1099.2,2427.0,77.2,38600.0,38495.0,77095.0,91.2,True
P00180,Himalaya Vitamin C Serum 635,Beauty & Personal Care,5461057.09,0.00033673321645219073,0.9797847471467239,C,86.706,188.293,63382,873.32,SUP024,3,31691.0,174.66,426.0,538.1,798.2,74.4,37200.0,37203.0,74403.0,143.8,True
P00070,Lakme Sunscreen SPF 50 206,Beauty & Personal Care,5459607.32,0.0003366438224562719,0.9801213909691802,C,123.629,207.215,90373,677.99,SUP004,16,45186.5,135.6,577.0,1367.6,3345.7,78.3,39150.0,39121.0,78271.0,400.4,True
P00002,Britannia Refined Sunflower Oil 376,Grocery,5418442.65,0.00033410557546400453,0.9804554965446441,C,118.741,182.348,86800,713.88,SUP019,3,43400.0,142.78,551.0,521.1,877.3,78.8,39400.0,39336.0,78736.0,87.4,True
P00165,Mamaearth Sunscreen SPF 50 348,Beauty & Personal Care,5393866.15,0.000332590168509316,0.9807880867131534,C,28.286,99.859,20677,2309.6,SUP009,9,10338.5,461.92,150.0,494.3,748.9,68.9,34450.0,34644.0,69094.0,0.0,True
P00396,Puma Casual Sneakers 371,Fashion,5354966.33,0.0003301915740078966,0.9811182782871614,C,40.917,111.648,29910,1639.32,SUP017,20,14955.0,327.86,214.0,823.9,1642.2,69.9,34950.0,35081.0,70031.0,0.0,True
P00376,Haldiram's Basmati Rice 5kg 965,Grocery,5322508.58,0.0003281902027758846,0.9814464684899372,C,138.52,217.998,101258,701.52,SUP020,16,50629.0,140.3,601.0,1438.8,3655.1,84.2,42100.0,42160.0,84260.0,549.1,True
P00285,Aashirvaad Whole Wheat Atta 875,Grocery,5314285.73,0.00032768317516506285,0.9817741516651023,C,110.44,192.321,80732,888.37,SUP024,3,40366.0,177.67,477.0,549.6,880.9,84.6,42300.0,42374.0,84674.0,248.0,True
P00393,Tata Masala Tea 493,Grocery,5280033.15,0.000325571133257223,0.9820997227983596,C,177.402,248.779,129681,507.0,SUP006,17,64840.5,101.4,800.0,1692.5,4708.3,81.1,40550.0,40560.0,81110.0,519.3,True
P00128,LG Mixer Grinder 196,Appliances,5236497.9,0.000322886714376418,0.982422609512736,C,4.963,34.768,3628,9152.53,SUP012,13,1814.0,1830.51,31.0,206.8,271.3,58.5,29250.0,28373.0,57623.0,0.0,True
P00303,WOW Face Wash 762,Beauty & Personal Care,5229227.96,0.0003224384439702914,0.9827450479567063,C,92.882,161.528,67897,668.95,SUP011,18,33948.5,133.79,504.0,1130.8,2802.7,67.4,33700.0,33715.0,67415.0,209.5,True
P00127,Fortune Masala Tea 713,Grocery,5221482.64,0.0003219608612471905,0.9830670088179534,C,117.72,195.32,86053,839.43,SUP019,3,43026.5,167.89,506.0,558.2,911.4,85.0,42500.0,42476.0,84976.0,242.9,True
P00277,Cosco Yoga Mat 170,Sports & Fitness,5174290.5,0.00031905095555831556,0.9833860597735117,C,7.235,37.821,5289,6819.37,SUP019,3,2644.5,1363.87,44.0,108.1,129.8,60.1,30050.0,30005.0,60055.0,0.0,True
P00365,Boldfit Cricket Kit 270,Sports & Fitness,5123503.84,0.0003159194088462368,0.9837019791823579,C,44.473,120.999,32510,1608.83,SUP005,4,16255.0,321.77,225.0,399.3,577.2,72.2,36100.0,36199.0,72299.0,0.0,True
P00144,Aashirvaad Refined Sunflower Oil 784,Grocery,5101867.82,0.00031458531427704345,0.984016564496635,C,165.109,227.445,120695,479.81,SUP012,13,60347.5,95.96,793.0,1353.1,3499.5,76.1,38050.0,38048.0,76098.0,365.8,True
P00385,L'Oreal Herbal Shampoo 601,Beauty & Personal Care,5033306.57,0.00031035777190639913,0.9843269222685413,C,76.161,153.101,55674,879.14,SUP008,20,27837.0,175.83,398.0,1129.7,2652.9,69.9,34950.0,34990.0,69940.0,0.0,True
P00114,HRX Denim Jacket 27,Fashion,5018194.35,0.00030942594014480635,0.9846363482086862,C,37.347,112.664,27301,1802.86,SUP008,20,13650.5,360.57,195.0,831.4,1578.3,70.0,35000.0,35156.0,70156.0,0.0,True
P00363,Adidas Denim Jacket 418,Fashion,4904808.16,0.000302434455560279,0.9849387826642465,C,75.773,169.361,55390,895.16,SUP018,18,27695.0,179.03,393.0,1185.6,2549.5,70.5,35250.0,35179.0,70429.0,0.0,True
P00198,Lakme Face Wash 404,Beauty & Personal Care,4829207.76,0.00029777287348239,0.9852365555377289,C,129.897,200.517,94955,523.1,SUP007,6,47477.5,104.62,674.0,810.4,1589.8,70.4,35200.0,35257.0,70457.0,341.0,True
P00386,Bajaj Air Conditioner 358,Appliances,4806111.51,0.0002963487399451807,0.9855329042776741,C,9.636,52.632,7044,5989.14,SUP002,5,3522.0,1197.83,54.0,194.2,242.4,65.2,32600.0,32341.0,64941.0,0.0,True
P00139,Himalaya Vitamin C Serum 401,Beauty & Personal Care,4753500.52,0.00029310470356330975,0.9858260089812375,C,91.442,191.549,66844,708.79,SUP010,20,33422.0,141.76,486.0,1413.4,3242.2,68.8,34400.0,34448.0,68848.0,403.8,True
P00222,Yonex Badminton Racquet 776,Sports & Fitness,4681601.29,0.00028867133863426164,0.9861146803198718,C,17.192,82.234,12567,4651.1,SUP021,16,6283.5,930.22,82.0,542.7,817.8,76.6,38300.0,38139.0,76439.0,0.0,True
P00052,L'Oreal Vitamin C Serum 482,Beauty & Personal Care,4534331.69,0.00027959057546398915,0.9863942708953358,C,40.278,114.331,29443,1634.95,SUP009,9,14721.5,326.99,212.0,565.9,928.4,69.4,34700.0,34661.0,69361.0,0.0,True
P00258,Levis Cotton Kurta 248,Fashion,4508764.34,0.0002780140718933848,0.9866722849672293,C,58.565,134.281,42811,999.51,SUP023,8,21405.5,199.9,327.0,626.7,1095.2,65.5,32750.0,32684.0,65434.0,0.0,True
P00346,Britannia Masala Tea 395,Grocery,4501087.68,0.0002775407228016598,0.9869498256900309,C,186.724,257.629,136495,419.98,SUP001,16,68247.5,84.0,901.0,1700.4,4688.0,75.7,37850.0,37842.0,75692.0,654.5,True
P00227,Boldfit Resistance Band Set 670,Sports & Fitness,4482951.45,0.0002764224281269164,0.9872262481181577,C,15.953,67.167,11662,3870.3,SUP019,3,5831.0,774.06,87.0,192.0,239.9,67.0,33500.0,33672.0,67172.0,0.0,True
P00314,Haldiram's Refined Sunflower Oil 413,Grocery,4464562.72,0.0002752885640970549,0.9875015366822548,C,149.669,225.178,109408,517.88,SUP001,16,54704.0,103.58,727.0,1486.2,3880.9,75.2,37600.0,37651.0,75251.0,563.3,True
P00066,Nike Badminton Racquet 22,Sports & Fitness,4432383.59,0.00027330437280057956,0.9877748410550554,C,53.948,138.25,39436,1238.8,SUP013,9,19718.0,247.76,282.0,684.3,1169.8,69.9,34950.0,34934.0,69884.0,0.0,True
P00321,L'Oreal Body Lotion 231,Beauty & Personal Care,4361001.6,0.00026890290131011065,0.9880437439563655,C,68.731,150.338,50242,820.65,SUP009,9,25121.0,164.13,391.0,744.2,1362.8,64.2,32100.0,32087.0,64187.0,189.7,True
P00119,Aashirvaad Basmati Rice 5kg 815,Grocery,4332849.15,0.00026716699837350366,0.988310910954739,C,154.431,217.244,112889,444.34,SUP014,14,56444.5,88.87,797.0,1341.2,3503.2,70.8,35400.0,35415.0,70815.0,289.7,True
P00298,Nivea Body Lotion 336,Beauty & Personal Care,4254363.04,0.0002623274810728119,0.9885732384358118,C,131.46,222.589,96097,468.48,SUP017,20,48048.5,93.7,716.0,1642.5,4271.7,67.1,33550.0,33545.0,67095.0,408.2,True
P00399,Biba Casual Sneakers 365,Fashion,4215772.6,0.0002599479631935169,0.9888331863990053,C,99.371,189.164,72640,555.41,SUP008,20,36320.0,111.08,572.0,1395.8,3383.2,63.5,31750.0,31769.0,63519.0,0.0,True
P00105,U.S. Polo Assn. Running Shoes 559,Fashion,4112214.9,0.0002535625112865509,0.9890867489102918,C,22.87,94.105,16718,1999.2,SUP008,20,8359.0,399.84,145.0,694.4,1151.8,57.6,28800.0,28988.0,57788.0,0.0,True
P00390,Aashirvaad Refined Sunflower Oil 571,Grocery,4044521.4,0.00024938847508582216,0.9893361373853776,C,103.568,179.659,75708,630.09,SUP001,16,37854.0,126.02,548.0,1185.7,2842.8,69.1,34550.0,34529.0,69079.0,345.4,True
P00380,Prestige Front Load Washing Machine 860,Appliances,3908258.94,0.00024098642110958584,0.9895771238064872,C,12.758,58.941,9326,3738.09,SUP009,9,4663.0,747.62,79.0,291.8,406.6,59.0,29500.0,29531.0,59031.0,0.0,True
P00254,Mamaearth Face Wash 883,Beauty & Personal Care,3863164.69,0.00023820587302232914,0.9898153296795096,C,91.026,166.689,66540,574.4,SUP006,17,33270.0,114.88,538.0,1134.0,2681.4,61.8,30900.0,30903.0,61803.0,247.6,True
P00134,Nestle Gold Full Cream Milk 890,Grocery,3858502.61,0.00023791840538229435,0.9900532480848919,C,93.528,173.065,68369,646.04,SUP017,20,34184.5,129.21,514.0,1277.1,3147.7,66.5,33250.0,33207.0,66457.0,358.8,True
P00013,Reebok Football 300,Sports & Fitness,3841645.2600000002,0.00023687896748724753,0.9902901270523792,C,25.386,87.341,18557,2101.33,SUP023,8,9278.5,420.27,149.0,407.6,610.7,62.3,31150.0,31310.0,62460.0,0.0,True
P00088,Tata Refined Sunflower Oil 957,Grocery,3666772.84,0.00022609619201265923,0.9905162232443918,C,103.963,169.852,75997,552.73,SUP002,5,37998.5,110.55,586.0,626.7,1146.5,64.8,32400.0,32391.0,64791.0,97.5,True
P00366,Nivia Cricket Kit 601,Sports & Fitness,3595752.2,0.00022171700165673255,0.9907379402460486,C,9.692,54.295,7085,4641.74,SUP018,18,3542.5,928.35,62.0,380.1,554.6,57.1,28550.0,28779.0,57329.0,0.0,True
P00184,W Denim Jacket 798,Fashion,3574429.22,0.00022040220938823683,0.9909583424554368,C,51.732,127.943,37816,962.72,SUP018,18,18908.0,192.54,313.0,895.6,1826.8,60.4,30200.0,30133.0,60333.0,0.0,True
P00156,Fortune Gold Full Cream Milk 773,Grocery,3531377.0,0.0002177475745296206,0.9911760900299664,C,170.018,238.555,124283,352.99,SUP013,9,62141.5,70.6,938.0,1180.8,2711.0,66.2,33100.0,33111.0,66211.0,406.5,True
P00374,Yonex Badminton Racquet 374,Sports & Fitness,3488725.3,0.00021511763605956626,0.991391207666026,C,8.903,42.926,6508,4436.23,SUP009,9,3254.0,887.25,61.0,212.5,292.6,53.3,26650.0,27061.0,53711.0,0.0,True
P00015,Roadster Cotton Kurta 169,Fashion,3477564.8,0.00021442947056334825,0.9916056371365893,C,65.856,134.812,48141,632.7,SUP006,17,24070.5,126.54,436.0,917.1,2036.7,55.2,27600.0,27586.0,55186.0,105.7,True
P00225,Patanjali Gold Full Cream Milk 423,Grocery,3442036.43,0.00021223876240772203,0.9918178758989971,C,102.111,172.825,74643,558.27,SUP016,12,37321.5,111.65,578.0,987.8,2213.1,64.6,32300.0,32267.0,64567.0,219.2,True
P00109,Van Heusen Cotton Kurta 674,Fashion,3374880.43,0.00020809786889363073,0.9920259737678907,C,114.654,189.911,83812,375.83,SUP008,20,41906.0,75.17,747.0,1401.4,3694.5,56.1,28050.0,28076.0,56126.0,494.3,True
P00166,Haldiram's Basmati Rice 5kg 923,Grocery,3329327.37,0.0002052890302090603,0.9922312627980998,C,76.421,160.235,55864,683.23,SUP014,14,27932.0,136.65,452.0,989.2,2059.1,61.8,30900.0,30883.0,61783.0,273.5,True
P00008,Nestle Masala Tea 393,Grocery,3175846.39,0.00019582526830218112,0.992427088066402,C,178.668,238.528,130606,301.76,SUP022,11,65303.0,60.35,1040.0,1305.3,3270.6,62.8,31400.0,31382.0,62782.0,557.0,True
P00315,Nivea Vitamin C Serum 851,Beauty & Personal Care,3145725.72,0.00019396800332149313,0.9926210560697235,C,47.295,114.753,34573,893.62,SUP013,9,17286.5,178.72,311.0,568.0,993.7,55.6,27800.0,27791.0,55591.0,0.0,True
P00288,Nike Badminton Racquet 354,Sports & Fitness,3132070.98,0.00019312604096068242,0.9928141821106842,C,7.313,46.87,5346,4639.13,SUP012,13,2673.0,927.83,54.0,278.8,373.9,49.5,24750.0,25051.0,49801.0,0.0,True
P00168,Mamaearth Face Wash 921,Beauty & Personal Care,3053502.54,0.00018828144712530997,0.9930024635578095,C,74.706,140.597,54610,465.58,SUP002,5,27305.0,93.12,542.0,518.7,892.2,50.4,25200.0,25236.0,50436.0,76.7,True
P00090,Roadster Cotton Kurta 174,Fashion,3022004.93,0.0001863392789056665,0.9931888028367152,C,32.662,116.565,23876,1138.5,SUP012,13,11938.0,227.7,229.0,693.5,1118.1,52.1,26050.0,26072.0,52122.0,0.0,True
P00146,Pepperfry Bed with Storage 721,Home & Furniture,3010292.58,0.00018561708589015386,0.9933744199226053,C,23.073,79.508,16866,1627.42,SUP024,3,8433.0,325.48,161.0,227.2,296.4,52.4,26200.0,26201.0,52401.0,0.0,True
P00370,Plum Body Lotion 947,Beauty & Personal Care,2922052.26,0.00018017611607704196,0.9935545960386823,C,142.741,212.622,104344,310.62,SUP015,20,52172.0,62.12,916.0,1568.9,4423.7,57.0,28500.0,28451.0,56951.0,127.0,True
P00289,Lakme Herbal Shampoo 751,Beauty & Personal Care,2914766.87,0.00017972689301136468,0.9937343229316937,C,28.643,82.585,20938,1051.45,SUP014,14,10469.0,210.29,223.0,509.9,910.9,46.9,23450.0,23447.0,46897.0,0.0,True
P00243,Britannia Refined Sunflower Oil 233,Grocery,2875507.84,0.0001773061493295415,0.9939116290810233,C,55.592,128.096,40638,855.49,SUP004,16,20319.0,171.1,345.0,845.4,1734.9,58.9,29450.0,29515.0,58965.0,0.0,True
P00063,Nivea Face Wash 935,Beauty & Personal Care,2862322.26,0.00017649311575545232,0.9940881221967787,C,41.978,109.682,30686,854.66,SUP018,18,15343.0,170.93,300.0,767.8,1523.4,51.1,25550.0,25640.0,51190.0,0.0,True
P00359,Durian Bookshelf 771,Home & Furniture,2806663.67,0.00017306116188186744,0.9942611833586605,C,7.309,48.482,5343,4741.23,SUP009,9,2671.5,948.25,53.0,240.0,305.8,50.4,25200.0,25129.0,50329.0,0.0,True
P00317,Van Heusen Casual Sneakers 585,Fashion,2684647.54,0.00016553754818641922,0.9944267209068469,C,21.159,74.516,15467,1418.88,SUP015,20,7733.5,283.78,165.0,549.9,973.1,46.9,23450.0,23412.0,46862.0,0.0,True
P00398,Godrej Interio 3-Seater Sofa 986,Home & Furniture,2671820.53,0.00016474662432981393,0.9945914675311768,C,39.982,111.232,29227,982.61,SUP023,8,14613.5,196.52,273.0,519.1,839.0,53.5,26750.0,26825.0,53575.0,0.0,True
P00147,Aashirvaad Basmati Rice 5kg 414,Grocery,2625792.86,0.00016190852080709466,0.9947533760519839,C,139.562,219.823,102020,307.65,SUP011,18,51010.0,61.53,911.0,1538.8,4050.9,56.0,28000.0,28027.0,56027.0,483.3,True
P00392,Reebok Football 65,Sports & Fitness,2604969.54,0.00016062453798009713,0.9949140005899639,C,4.951,36.84,3619,6733.58,SUP021,16,1809.5,1346.72,37.0,243.1,322.3,48.9,24450.0,24914.0,49364.0,0.0,True
P00323,Britannia Masala Tea 479,Grocery,2543258.93,0.0001568194116369615,0.9950708200016009,C,57.192,136.948,41807,735.15,SUP008,20,20903.5,147.03,377.0,1010.5,2154.3,55.4,27700.0,27715.0,55415.0,0.0,True
P00132,Britannia Basmati Rice 5kg 223,Grocery,2509117.35,0.00015471421407929232,0.9952255342156802,C,141.228,216.294,103238,307.01,SUP011,18,51619.0,61.4,917.0,1514.1,4056.2,56.3,28150.0,28152.0,56302.0,404.3,True
P00023,Boldfit Yoga Mat 958,Sports & Fitness,2463234.95,0.00015188506802278298,0.9953774192837029,C,7.912,40.251,5784,2970.9,SUP021,16,2892.0,594.18,70.0,265.7,392.3,41.3,20650.0,20796.0,41446.0,0.0,True
P00235,Mamaearth Body Lotion 867,Beauty & Personal Care,2368599.09,0.00014604974401786228,0.9955234690277208,C,34.036,98.98,24880,786.51,SUP010,20,12440.0,157.3,281.0,730.4,1411.1,44.3,22150.0,22101.0,44251.0,0.0,True
P00120,Biba Denim Jacket 655,Fashion,2335491.65,0.00014400831237267546,0.9956674773400935,C,25.313,84.699,18504,1037.01,SUP001,16,9252.0,207.4,211.0,559.0,964.0,43.8,21900.0,21881.0,43781.0,0.0,True
P00037,Mamaearth Sunscreen SPF 50 307,Beauty & Personal Care,2334625.0,0.00014395487402965343,0.9958114322141232,C,73.951,146.941,54058,397.01,SUP019,3,27029.0,79.4,583.0,419.9,641.8,46.4,23200.0,23145.0,46345.0,0.0,True
P00305,Nike Badminton Racquet 921,Sports & Fitness,2224884.46,0.00013718818318566515,0.9959486203973088,C,37.986,121.672,27768,853.25,SUP003,19,13884.0,170.65,285.0,875.1,1596.8,48.7,24350.0,24318.0,48668.0,0.0,True
P00340,Amul Masala Tea 604,Grocery,2218998.79,0.0001368252679922486,0.9960854456653011,C,44.142,122.485,32268,711.05,SUP009,9,16134.0,142.21,337.0,606.3,1003.6,47.9,23950.0,23962.0,47912.0,0.0,True
P00067,Britannia Gold Full Cream Milk 308,Grocery,2154094.01,0.000132823186532133,0.9962182688518333,C,117.555,209.684,85933,286.96,SUP019,3,42966.5,57.39,865.0,599.3,952.0,49.7,24850.0,24821.0,49671.0,294.9,True
P00333,Nivea Face Wash 291,Beauty & Personal Care,2133584.0,0.00013155852265425244,0.9963498273744875,C,117.635,203.043,85991,270.99,SUP005,4,42995.5,54.2,891.0,670.0,1140.5,48.3,24150.0,24146.0,48296.0,79.8,True
P00234,The Man Company Face Wash 968,Beauty & Personal Care,2125534.17,0.00013106216359718326,0.9964808895380847,C,30.29,94.903,22142,1053.36,SUP022,11,11071.0,210.67,229.0,519.4,852.6,48.3,24150.0,24122.0,48272.0,0.0,True
P00045,Kore Badminton Racquet 124,Sports & Fitness,2085000.25,0.00012856280916230482,0.996609452347247,C,15.356,64.625,11225,1574.59,SUP015,20,5612.5,314.92,133.0,476.9,784.0,42.2,21100.0,20942.0,42042.0,0.0,True
P00136,Roadster Running Shoes 135,Fashion,2056646.36,0.0001268144852716583,0.9967362668325186,C,78.863,171.843,57649,320.46,SUP010,20,28824.5,64.09,671.0,1268.0,2845.3,43.0,21500.0,21502.0,43002.0,0.0,True
P00320,Tata Gold Full Cream Milk 602,Grocery,1992500.7,0.00012285921176741286,0.9968591260442861,C,164.012,237.05,119893,206.43,SUP014,14,59946.5,41.29,1205.0,1463.5,3759.7,49.7,24850.0,24877.0,49727.0,580.6,True
P00099,HRX Denim Jacket 314,Fashion,1977464.48,0.00012193206622755866,0.9969810581105136,C,64.014,145.93,46794,355.5,SUP014,14,23397.0,71.1,574.0,900.9,1797.1,40.8,20400.0,20406.0,40806.0,135.6,True
P00391,HRX Slim Fit Shirt 725,Fashion,1881972.96,0.00011604398153194367,0.9970971020920456,C,44.171,119.195,32289,543.84,SUP017,20,16144.5,108.77,385.0,879.5,1762.9,41.9,20950.0,20938.0,41888.0,0.0,True
P00092,L'Oreal Vitamin C Serum 474,Beauty & Personal Care,1795276.08,0.00011069818148304333,0.9972078002735286,C,78.858,173.164,57645,292.12,SUP019,3,28822.5,58.42,702.0,494.9,731.5,41.1,20550.0,20505.0,41055.0,0.0,True
P00375,Aashirvaad Basmati Rice 5kg 393,Grocery,1782024.94,0.00010988110542609658,0.9973176813789547,C,147.782,214.25,108029,201.35,SUP023,8,54014.5,40.27,1158.0,999.9,2182.2,46.6,23300.0,23316.0,46616.0,282.7,True
P00208,Levis Casual Sneakers 613,Fashion,1762410.72,0.00010867167668730987,0.997426353055642,C,44.066,111.136,32212,484.9,SUP011,18,16106.0,96.98,408.0,778.0,1571.2,39.5,19750.0,19784.0,39534.0,0.0,True
P00337,Allen Solly Running Shoes 654,Fashion,1734478.47,0.00010694935146158206,0.9975333024071036,C,55.196,128.344,40348,386.19,SUP004,16,20174.0,77.24,511.0,847.1,1730.2,39.5,19750.0,19735.0,39485.0,0.0,True
P00270,Britannia Basmati Rice 5kg 993,Grocery,1707436.88,0.00010528194505498076,0.9976385843521586,C,139.447,209.796,101936,215.38,SUP021,16,50968.0,43.08,1088.0,1384.7,3615.9,46.8,23400.0,23436.0,46836.0,549.9,True
P00351,Nestle Basmati Rice 5kg 609,Grocery,1696320.69,0.00010459651174935794,0.9977431808639079,C,199.557,257.143,145876,143.75,SUP019,3,72938.0,28.75,1593.0,734.9,1333.6,45.8,22900.0,22899.0,45799.0,442.6,True
P00361,Aashirvaad Gold Full Cream Milk 879,Grocery,1671406.1,0.00010306025789062241,0.9978462411217985,C,113.676,201.146,83097,260.74,SUP014,14,41548.5,52.15,893.0,1241.8,2833.3,46.5,23250.0,23285.0,46535.0,355.9,True
P00183,Fortune Basmati Rice 5kg 226,Grocery,1630164.95,0.00010051729507942658,0.997946758416878,C,108.933,207.634,79630,254.29,SUP007,6,39815.0,50.86,885.0,839.2,1492.8,45.0,22500.0,22506.0,45006.0,292.6,True
P00162,Plum Face Wash 260,Beauty & Personal Care,1594245.91,9.830249789424006e-05,0.9980450609147722,C,47.743,136.866,34900,492.58,SUP005,4,17450.0,98.52,421.0,451.7,642.7,41.4,20700.0,20738.0,41438.0,0.0,True
P00354,Nivia Cricket Kit 286,Sports & Fitness,1567712.73,9.666644046124499e-05,0.9981417273552334,C,6.387,36.875,4669,2149.92,SUP010,20,2334.5,429.98,74.0,272.1,399.8,31.5,15750.0,15909.0,31659.0,0.0,True
P00197,Aashirvaad Whole Wheat Atta 753,Grocery,1567439.1199999999,9.664956944637825e-05,0.9982383769246798,C,74.754,157.677,54645,350.08,SUP004,16,27322.5,70.02,625.0,1040.7,2236.8,43.7,21850.0,21881.0,43731.0,0.0,True
P00246,Patanjali Refined Sunflower Oil 523,Grocery,1515383.83,9.343979797792954e-05,0.9983318167226577,C,125.52,198.095,91755,193.48,SUP024,3,45877.5,38.7,1089.0,566.1,942.7,42.1,21050.0,21072.0,42122.0,202.6,True
P00068,Britannia Whole Wheat Atta 290,Grocery,1502091.48,9.26201808789059e-05,0.9984244369035365,C,191.594,241.848,140055,126.21,SUP025,9,70027.5,25.24,1666.0,1197.1,2921.4,42.0,21000.0,21025.0,42025.0,593.7,True
P00300,Patanjali Basmati Rice 5kg 558,Grocery,1491657.49,9.197681257946738e-05,0.998516413716116,C,89.316,184.65,65290,286.67,SUP020,16,32645.0,57.33,755.0,1218.7,2647.8,43.2,21600.0,21642.0,43242.0,293.8,True
P00046,Amul Refined Sunflower Oil 683,Grocery,1467525.73,9.048882865446279e-05,0.9986069025447705,C,140.77,219.802,102903,181.94,SUP009,9,51451.5,36.39,1189.0,1088.0,2354.9,43.3,21650.0,21634.0,43284.0,296.9,True
P00394,Kore Cricket Kit 482,Sports & Fitness,1453466.93,8.962195162581446e-05,0.9986965244963962,C,9.61,46.844,7025,1456.0,SUP014,14,3512.5,291.2,110.0,289.2,423.7,31.9,15950.0,16016.0,31966.0,0.0,True
P00347,Kore Badminton Racquet 397,Sports & Fitness,1367045.16,8.429311508299938e-05,0.9987808176114792,C,6.765,45.63,4945,1735.92,SUP012,13,2472.5,347.18,84.0,271.5,359.4,29.4,14700.0,14582.0,29282.0,0.0,True
P00188,Britannia Basmati Rice 5kg 505,Grocery,1344845.29,8.292425306476318e-05,0.998863741864544,C,134.506,235.291,98324,183.43,SUP018,18,49162.0,36.69,1158.0,1647.1,4068.2,42.5,21250.0,21244.0,42494.0,344.7,True
P00193,Nivia Badminton Racquet 62,Sports & Fitness,1292719.74,7.971014930763884e-05,0.9989434520138516,C,10.358,57.387,7572,1482.15,SUP007,6,3786.0,296.43,113.0,231.9,294.0,33.5,16750.0,16748.0,33498.0,0.0,True
P00028,Cosco Cricket Kit 830,Sports & Fitness,1225247.01,7.554972596445234e-05,0.9990190017398161,C,31.829,104.108,23267,588.08,SUP002,5,11633.5,117.62,314.0,384.1,543.2,37.0,18500.0,18466.0,36966.0,0.0,True
P00176,Nike Cricket Kit 290,Sports & Fitness,1142084.87,7.042188085539353e-05,0.9990894236206714,C,14.127,61.66,10327,1296.09,SUP002,5,5163.5,259.22,141.0,227.5,298.1,36.6,18300.0,18275.0,36575.0,0.0,True
P00049,Boldfit Badminton Racquet 924,Sports & Fitness,1106334.92,6.821750989696704e-05,0.9991576411305684,C,9.624,50.551,7035,1082.87,SUP018,18,3517.5,216.57,127.0,353.9,527.1,27.7,13850.0,13752.0,27602.0,0.0,True
P00233,Nivia Resistance Band Set 539,Sports & Fitness,1064829.61,6.56582587655812e-05,0.999223299389334,C,17.302,67.183,12648,760.65,SUP017,20,6324.0,152.13,204.0,495.7,841.7,31.0,15500.0,15517.0,31017.0,0.0,True
P00228,The Man Company Sunscreen SPF 50 221,Beauty & Personal Care,1049231.86,6.46964888297688e-05,0.9992879958781637,C,88.748,187.098,64875,196.23,SUP020,16,32437.5,39.25,909.0,1234.8,2654.8,35.7,17850.0,17839.0,35689.0,0.0,True
P00267,Tata Masala Tea 913,Grocery,1043270.87,6.432892934396613e-05,0.9993523248075077,C,84.834,166.83,62014,182.65,SUP020,16,31007.0,36.53,921.0,1101.1,2458.4,33.7,16850.0,16822.0,33672.0,367.3,True
P00167,Van Heusen Casual Sneakers 71,Fashion,998452.69,6.156540395717454e-05,0.9994138902114649,C,45.962,126.182,33598,259.81,SUP005,4,16799.0,51.96,569.0,416.4,600.2,29.5,14750.0,14783.0,29533.0,0.0,True
P00378,L'Oreal Body Lotion 753,Beauty & Personal Care,998070.0,6.15418069808968e-05,0.9994754320184458,C,39.32,111.401,28743,322.69,SUP013,9,14371.5,64.54,472.0,551.4,905.3,30.4,15200.0,15231.0,30431.0,0.0,True
P00276,Fortune Gold Full Cream Milk 943,Grocery,989819.41,6.10330688991405e-05,0.999536465087345,C,62.517,148.811,45700,268.5,SUP016,12,22850.0,53.7,652.0,850.6,1600.8,35.0,17500.0,17506.0,35006.0,47.7,True
P00348,Nestle Refined Sunflower Oil 361,Grocery,904471.64,5.577045606878794e-05,0.9995922355434137,C,85.769,159.408,62697,187.75,SUP005,4,31348.5,37.55,914.0,526.0,869.1,34.3,17150.0,17160.0,34310.0,0.0,True
P00262,Lakme Vitamin C Serum 412,Beauty & Personal Care,851874.95,5.2527301436533626e-05,0.9996447628448503,C,85.793,164.389,62715,137.93,SUP019,3,31357.5,27.59,1066.0,469.8,727.2,29.4,14700.0,14705.0,29405.0,177.4,True
P00248,Haldiram's Refined Sunflower Oil 980,Grocery,797799.11,4.919294121369369e-05,0.9996939557860639,C,48.729,120.811,35621,228.33,SUP015,20,17810.5,45.67,624.0,891.5,1866.1,28.5,14250.0,14249.0,28499.0,0.0,True
P00071,Van Heusen Casual Sneakers 609,Fashion,655785.8,4.043628515476169e-05,0.9997343920712186,C,18.979,66.797,13874,403.69,SUP009,9,6937.0,80.74,293.0,330.6,501.4,23.7,11850.0,11828.0,23678.0,0.0,True
P00152,Aashirvaad Basmati Rice 5kg 766,Grocery,632671.95,3.901106638725499e-05,0.9997734031376059,C,90.524,170.375,66173,126.3,SUP018,18,33086.5,25.26,1144.0,1192.7,2822.1,28.9,14450.0,14449.0,28899.0,398.6,True
P00328,Haldiram's Whole Wheat Atta 731,Grocery,611580.69,3.771056216219672e-05,0.999811113699768,C,53.09,127.514,38809,163.61,SUP016,12,19404.5,32.72,770.0,728.8,1365.9,25.2,12600.0,12597.0,25197.0,0.0,True
P00299,Britannia Whole Wheat Atta 224,Grocery,567800.57,3.5011044398271844e-05,0.9998461247441663,C,92.562,179.298,67663,97.64,SUP019,3,33831.5,19.53,1316.0,512.4,790.1,25.7,12850.0,12851.0,25701.0,47.5,True
P00005,Britannia Refined Sunflower Oil 162,Grocery,566942.0,3.49581042746136e-05,0.9998810828484409,C,46.488,127.221,33983,199.34,SUP015,20,16991.5,39.87,653.0,938.8,1868.6,26.0,13000.0,13018.0,26018.0,0.0,True
P00133,Fortune Basmati Rice 5kg 28,Grocery,556862.58,3.433659904940956e-05,0.9999154194474903,C,98.78,170.601,72208,97.95,SUP003,19,36104.0,19.59,1358.0,1227.0,3103.8,26.6,13300.0,13302.0,26602.0,455.3,True
P00324,Tata Gold Full Cream Milk 419,Grocery,502970.85,3.101359119873115e-05,0.999946433038689,C,118.364,183.23,86524,67.02,SUP013,9,43262.0,13.4,1797.0,907.0,1972.3,24.1,12050.0,12040.0,24090.0,187.4,True
P00059,Haldiram's Gold Full Cream Milk 568,Grocery,466814.88,2.8784184717274846e-05,0.9999752172234063,C,69.155,147.941,50552,112.69,SUP006,17,25276.0,22.54,1059.0,1006.5,2182.1,23.9,11950.0,11935.0,23885.0,0.0,True
P00204,Nestle Refined Sunflower Oil 894,Grocery,401921.02,2.47827765932301e-05,0.9999999999999996,C,77.067,168.031,56336,87.49,SUP011,18,28168.0,17.5,1269.0,1176.3,2563.5,22.2,11100.0,11104.0,22204.0,311.2,True
