Dimension,Value,Orders,Total_Shipping_Cost,Avg_Shipping_Cost,Total_Revenue,Avg_Distance,Shipping Cost as % of Revenue,Cost Per KM
Carrier,DTDC,15730,39233459.4,2494.2,2601139206.0,698.0,1.5,3.6
Carrier,Ecom Express,15850,38647984.7,2438.4,2744862573.7,690.8,1.4,3.5
Carrier,Ekart Logistics,15832,37375812.4,2360.8,2717232333.4,686.7,1.4,3.4
Carrier,Blue Dart,15832,37344790.0,2358.8,2721152661.0,681.5,1.4,3.5
Carrier,Delhivery,15968,37283869.0,2334.9,2701037070.7,677.7,1.4,3.4
Carrier,XpressBees,15856,36285112.3,2288.4,2732332002.3,681.5,1.3,3.4
Mode,Air,14370,98001377.8,6819.9,4853799783.0,1008.3,2.0,6.8
Mode,Road,53917,93350339.9,1731.4,6504336277.2,597.6,1.4,2.9
Mode,Rail,17531,18348974.5,1046.7,2362332753.2,600.9,0.8,1.7
Mode,Sea,9250,16470335.7,1780.6,2497287033.6,862.1,0.7,2.1
Region,East,23656,56004162.8,2367.4,4074013105.4,686.6,1.4,3.4
Region,South,23797,55893968.8,2348.8,4138009330.4,688.2,1.4,3.4
Region,North,23711,55453455.6,2338.7,3972943212.0,679.0,1.4,3.4
Region,Central,11866,29941978.3,2523.3,2011333773.2,685.9,1.5,3.7
Region,West,12038,28877462.4,2398.9,2021456425.9,694.6,1.4,3.4
