Order Date,Total_Orders,Total_Revenue,Total_Demand,Total_Profit,Avg_Order_Value
2024-01-01,3878,702918362.86,214400,117042890.6,181257.95844765342
2024-02-01,3768,663472444.79,467665,109071862.37,176080.79744957536
2024-03-01,3858,664599424.66,620596,111097163.32,172265.27336962154
2024-04-01,3795,621123134.53,666631,105400406.37,163668.81015283268
2024-05-01,3946,667942071.18,717759,112727898.03,169270.6718651799
2024-06-01,3726,663136995.72,690225,108743053.11,177975.57587761676
2024-07-01,3868,672905443.55,741253,108135710.26,173967.28116597724
2024-08-01,3867,675512458.83,748247,112436853.44,174686.43879751748
2024-09-01,3648,631039233.47,724012,103846991.01,172982.24601699563
2024-10-01,3850,677428949.31,743877,109799137.42999999,175955.57124935064
2024-11-01,5774,1025884615.49,879562,171496352.85,177673.12356944926
2024-12-01,5813,963700800.55,799470,160086647.76,165783.72622570102
2025-01-01,3932,663170279.51,672193,109940027.72,168659.78624364192
2025-02-01,3475,605209493.2,639861,101988480.02,174161.00523741008
2025-03-01,3869,610599962.42,753765,105079482.35,157818.54805376066
2025-04-01,3786,636491813.0,731339,107308891.85,168117.22477548863
2025-05-01,3945,664106132.01,777530,109745691.24,168341.22484410647
2025-06-01,3806,641312968.26,712425,105108926.28,168500.51714661063
2025-07-01,4027,677550826.63,774729,111602388.87,168252.0056195679
2025-08-01,3941,633897133.35,752473,104087609.11,160846.77324283178
2025-09-01,3861,639602518.38,727617,106987371.69,165657.21791763793
2025-10-01,3942,639068310.03,765358,105838587.95,162117.7853957382
2025-11-01,5766,1016666517.05,880004,169087821.13,176320.93601283384
2025-12-01,5859,999060966.29,798310,163625838.98,170517.31802184673
