Region,Order Quarter,Total_Orders,Total_Revenue,Total_Demand,Late_Delivery_Rate
Central,1,2781,478511342.98,420126,10.9
Central,2,2935,464054180.46,539966,10.2
Central,3,2917,513671722.18,559423,11.7
Central,4,3867,648198211.67,606012,10.6
East,1,5639,1010662491.98,838506,5.2
East,2,5732,975009468.04,1079719,4.6
East,3,5814,980931938.04,1118658,5.2
East,4,7713,1327826572.55,1211665,4.8
North,1,5675,947669848.21,841713,7.1
North,2,5739,947182905.42,1078594,7.5
North,3,5773,972953761.56,1109953,8.0
North,4,7699,1297212425.16,1219892,6.9
South,1,5752,1011115599.84,849198,7.6
South,2,5721,1027640924.85,1063872,7.0
South,3,5701,951505505.88,1114598,7.2
South,4,7868,1364041537.19,1228737,7.3
West,1,2933,462010684.43,418937,4.8
West,2,2877,480225635.93,533758,5.4
West,3,3007,511444686.55,565699,5.0
West,4,3857,684531412.15,600275,5.5
