Date,Year,Month,Month Name,Month Year,Quarter,Year Quarter,Day Of Week,Is Weekend,Week Of Year
2024-01-01,2024,1,Jan,Jan 2024,Q1,2024 Q1,Monday,False,1
2024-01-02,2024,1,Jan,Jan 2024,Q1,2024 Q1,Tuesday,False,1
2024-01-03,2024,1,Jan,Jan 2024,Q1,2024 Q1,Wednesday,False,1
2024-01-04,2024,1,Jan,Jan 2024,Q1,2024 Q1,Thursday,False,1
2024-01-05,2024,1,Jan,Jan 2024,Q1,2024 Q1,Friday,False,1
2024-01-06,2024,1,Jan,Jan 2024,Q1,2024 Q1,Saturday,True,1
2024-01-07,2024,1,Jan,Jan 2024,Q1,2024 Q1,Sunday,True,1
2024-01-08,2024,1,Jan,Jan 2024,Q1,2024 Q1,Monday,False,2
2024-01-09,2024,1,Jan,Jan 2024,Q1,2024 Q1,Tuesday,False,2
2024-01-10,2024,1,Jan,Jan 2024,Q1,2024 Q1,Wednesday,False,2
2024-01-11,2024,1,Jan,Jan 2024,Q1,2024 Q1,Thursday,False,2
2024-01-12,2024,1,Jan,Jan 2024,Q1,2024 Q1,Friday,False,2
2024-01-13,2024,1,Jan,Jan 2024,Q1,2024 Q1,Saturday,True,2
2024-01-14,2024,1,Jan,Jan 2024,Q1,2024 Q1,Sunday,True,2
2024-01-15,2024,1,Jan,Jan 2024,Q1,2024 Q1,Monday,False,3
2024-01-16,2024,1,Jan,Jan 2024,Q1,2024 Q1,Tuesday,False,3
2024-01-17,2024,1,Jan,Jan 2024,Q1,2024 Q1,Wednesday,False,3
2024-01-18,2024,1,Jan,Jan 2024,Q1,2024 Q1,Thursday,False,3
2024-01-19,2024,1,Jan,Jan 2024,Q1,2024 Q1,Friday,False,3
2024-01-20,2024,1,Jan,Jan 2024,Q1,2024 Q1,Saturday,True,3
2024-01-21,2024,1,Jan,Jan 2024,Q1,2024 Q1,Sunday,True,3
2024-01-22,2024,1,Jan,Jan 2024,Q1,2024 Q1,Monday,False,4
2024-01-23,2024,1,Jan,Jan 2024,Q1,2024 Q1,Tuesday,False,4
2024-01-24,2024,1,Jan,Jan 2024,Q1,2024 Q1,Wednesday,False,4
2024-01-25,2024,1,Jan,Jan 2024,Q1,2024 Q1,Thursday,False,4
2024-01-26,2024,1,Jan,Jan 2024,Q1,2024 Q1,Friday,False,4
2024-01-27,2024,1,Jan,Jan 2024,Q1,2024 Q1,Saturday,True,4
2024-01-28,2024,1,Jan,Jan 2024,Q1,2024 Q1,Sunday,True,4
2024-01-29,2024,1,Jan,Jan 2024,Q1,2024 Q1,Monday,False,5
2024-01-30,2024,1,Jan,Jan 2024,Q1,2024 Q1,Tuesday,False,5
2024-01-31,2024,1,Jan,Jan 2024,Q1,2024 Q1,Wednesday,False,5
2024-02-01,2024,2,Feb,Feb 2024,Q1,2024 Q1,Thursday,False,5
2024-02-02,2024,2,Feb,Feb 2024,Q1,2024 Q1,Friday,False,5
2024-02-03,2024,2,Feb,Feb 2024,Q1,2024 Q1,Saturday,True,5
2024-02-04,2024,2,Feb,Feb 2024,Q1,2024 Q1,Sunday,True,5
2024-02-05,2024,2,Feb,Feb 2024,Q1,2024 Q1,Monday,False,6
2024-02-06,2024,2,Feb,Feb 2024,Q1,2024 Q1,Tuesday,False,6
2024-02-07,2024,2,Feb,Feb 2024,Q1,2024 Q1,Wednesday,False,6
2024-02-08,2024,2,Feb,Feb 2024,Q1,2024 Q1,Thursday,False,6
2024-02-09,2024,2,Feb,Feb 2024,Q1,2024 Q1,Friday,False,6
2024-02-10,2024,2,Feb,Feb 2024,Q1,2024 Q1,Saturday,True,6
2024-02-11,2024,2,Feb,Feb 2024,Q1,2024 Q1,Sunday,True,6
2024-02-12,2024,2,Feb,Feb 2024,Q1,2024 Q1,Monday,False,7
2024-02-13,2024,2,Feb,Feb 2024,Q1,2024 Q1,Tuesday,False,7
2024-02-14,2024,2,Feb,Feb 2024,Q1,2024 Q1,Wednesday,False,7
2024-02-15,2024,2,Feb,Feb 2024,Q1,2024 Q1,Thursday,False,7
2024-02-16,2024,2,Feb,Feb 2024,Q1,2024 Q1,Friday,False,7
2024-02-17,2024,2,Feb,Feb 2024,Q1,2024 Q1,Saturday,True,7
2024-02-18,2024,2,Feb,Feb 2024,Q1,2024 Q1,Sunday,True,7
2024-02-19,2024,2,Feb,Feb 2024,Q1,2024 Q1,Monday,False,8
2024-02-20,2024,2,Feb,Feb 2024,Q1,2024 Q1,Tuesday,False,8
2024-02-21,2024,2,Feb,Feb 2024,Q1,2024 Q1,Wednesday,False,8
2024-02-22,2024,2,Feb,Feb 2024,Q1,2024 Q1,Thursday,False,8
2024-02-23,2024,2,Feb,Feb 2024,Q1,2024 Q1,Friday,False,8
2024-02-24,2024,2,Feb,Feb 2024,Q1,2024 Q1,Saturday,True,8
2024-02-25,2024,2,Feb,Feb 2024,Q1,2024 Q1,Sunday,True,8
2024-02-26,2024,2,Feb,Feb 2024,Q1,2024 Q1,Monday,False,9
2024-02-27,2024,2,Feb,Feb 2024,Q1,2024 Q1,Tuesday,False,9
2024-02-28,2024,2,Feb,Feb 2024,Q1,2024 Q1,Wednesday,False,9
2024-02-29,2024,2,Feb,Feb 2024,Q1,2024 Q1,Thursday,False,9
2024-03-01,2024,3,Mar,Mar 2024,Q1,2024 Q1,Friday,False,9
2024-03-02,2024,3,Mar,Mar 2024,Q1,2024 Q1,Saturday,True,9
2024-03-03,2024,3,Mar,Mar 2024,Q1,2024 Q1,Sunday,True,9
2024-03-04,2024,3,Mar,Mar 2024,Q1,2024 Q1,Monday,False,10
2024-03-05,2024,3,Mar,Mar 2024,Q1,2024 Q1,Tuesday,False,10
2024-03-06,2024,3,Mar,Mar 2024,Q1,2024 Q1,Wednesday,False,10
2024-03-07,2024,3,Mar,Mar 2024,Q1,2024 Q1,Thursday,False,10
2024-03-08,2024,3,Mar,Mar 2024,Q1,2024 Q1,Friday,False,10
2024-03-09,2024,3,Mar,Mar 2024,Q1,2024 Q1,Saturday,True,10
2024-03-10,2024,3,Mar,Mar 2024,Q1,2024 Q1,Sunday,True,10
2024-03-11,2024,3,Mar,Mar 2024,Q1,2024 Q1,Monday,False,11
2024-03-12,2024,3,Mar,Mar 2024,Q1,2024 Q1,Tuesday,False,11
2024-03-13,2024,3,Mar,Mar 2024,Q1,2024 Q1,Wednesday,False,11
2024-03-14,2024,3,Mar,Mar 2024,Q1,2024 Q1,Thursday,False,11
2024-03-15,2024,3,Mar,Mar 2024,Q1,2024 Q1,Friday,False,11
2024-03-16,2024,3,Mar,Mar 2024,Q1,2024 Q1,Saturday,True,11
2024-03-17,2024,3,Mar,Mar 2024,Q1,2024 Q1,Sunday,True,11
2024-03-18,2024,3,Mar,Mar 2024,Q1,2024 Q1,Monday,False,12
2024-03-19,2024,3,Mar,Mar 2024,Q1,2024 Q1,Tuesday,False,12
2024-03-20,2024,3,Mar,Mar 2024,Q1,2024 Q1,Wednesday,False,12
2024-03-21,2024,3,Mar,Mar 2024,Q1,2024 Q1,Thursday,False,12
2024-03-22,2024,3,Mar,Mar 2024,Q1,2024 Q1,Friday,False,12
2024-03-23,2024,3,Mar,Mar 2024,Q1,2024 Q1,Saturday,True,12
2024-03-24,2024,3,Mar,Mar 2024,Q1,2024 Q1,Sunday,True,12
2024-03-25,2024,3,Mar,Mar 2024,Q1,2024 Q1,Monday,False,13
2024-03-26,2024,3,Mar,Mar 2024,Q1,2024 Q1,Tuesday,False,13
2024-03-27,2024,3,Mar,Mar 2024,Q1,2024 Q1,Wednesday,False,13
2024-03-28,2024,3,Mar,Mar 2024,Q1,2024 Q1,Thursday,False,13
2024-03-29,2024,3,Mar,Mar 2024,Q1,2024 Q1,Friday,False,13
2024-03-30,2024,3,Mar,Mar 2024,Q1,2024 Q1,Saturday,True,13
2024-03-31,2024,3,Mar,Mar 2024,Q1,2024 Q1,Sunday,True,13
2024-04-01,2024,4,Apr,Apr 2024,Q2,2024 Q2,Monday,False,14
2024-04-02,2024,4,Apr,Apr 2024,Q2,2024 Q2,Tuesday,False,14
2024-04-03,2024,4,Apr,Apr 2024,Q2,2024 Q2,Wednesday,False,14
2024-04-04,2024,4,Apr,Apr 2024,Q2,2024 Q2,Thursday,False,14
2024-04-05,2024,4,Apr,Apr 2024,Q2,2024 Q2,Friday,False,14
2024-04-06,2024,4,Apr,Apr 2024,Q2,2024 Q2,Saturday,True,14
2024-04-07,2024,4,Apr,Apr 2024,Q2,2024 Q2,Sunday,True,14
2024-04-08,2024,4,Apr,Apr 2024,Q2,2024 Q2,Monday,False,15
2024-04-09,2024,4,Apr,Apr 2024,Q2,2024 Q2,Tuesday,False,15
2024-04-10,2024,4,Apr,Apr 2024,Q2,2024 Q2,Wednesday,False,15
2024-04-11,2024,4,Apr,Apr 2024,Q2,2024 Q2,Thursday,False,15
2024-04-12,2024,4,Apr,Apr 2024,Q2,2024 Q2,Friday,False,15
2024-04-13,2024,4,Apr,Apr 2024,Q2,2024 Q2,Saturday,True,15
2024-04-14,2024,4,Apr,Apr 2024,Q2,2024 Q2,Sunday,True,15
2024-04-15,2024,4,Apr,Apr 2024,Q2,2024 Q2,Monday,False,16
2024-04-16,2024,4,Apr,Apr 2024,Q2,2024 Q2,Tuesday,False,16
2024-04-17,2024,4,Apr,Apr 2024,Q2,2024 Q2,Wednesday,False,16
2024-04-18,2024,4,Apr,Apr 2024,Q2,2024 Q2,Thursday,False,16
2024-04-19,2024,4,Apr,Apr 2024,Q2,2024 Q2,Friday,False,16
2024-04-20,2024,4,Apr,Apr 2024,Q2,2024 Q2,Saturday,True,16
2024-04-21,2024,4,Apr,Apr 2024,Q2,2024 Q2,Sunday,True,16
2024-04-22,2024,4,Apr,Apr 2024,Q2,2024 Q2,Monday,False,17
2024-04-23,2024,4,Apr,Apr 2024,Q2,2024 Q2,Tuesday,False,17
2024-04-24,2024,4,Apr,Apr 2024,Q2,2024 Q2,Wednesday,False,17
2024-04-25,2024,4,Apr,Apr 2024,Q2,2024 Q2,Thursday,False,17
2024-04-26,2024,4,Apr,Apr 2024,Q2,2024 Q2,Friday,False,17
2024-04-27,2024,4,Apr,Apr 2024,Q2,2024 Q2,Saturday,True,17
2024-04-28,2024,4,Apr,Apr 2024,Q2,2024 Q2,Sunday,True,17
2024-04-29,2024,4,Apr,Apr 2024,Q2,2024 Q2,Monday,False,18
2024-04-30,2024,4,Apr,Apr 2024,Q2,2024 Q2,Tuesday,False,18
2024-05-01,2024,5,May,May 2024,Q2,2024 Q2,Wednesday,False,18
2024-05-02,2024,5,May,May 2024,Q2,2024 Q2,Thursday,False,18
2024-05-03,2024,5,May,May 2024,Q2,2024 Q2,Friday,False,18
2024-05-04,2024,5,May,May 2024,Q2,2024 Q2,Saturday,True,18
2024-05-05,2024,5,May,May 2024,Q2,2024 Q2,Sunday,True,18
2024-05-06,2024,5,May,May 2024,Q2,2024 Q2,Monday,False,19
2024-05-07,2024,5,May,May 2024,Q2,2024 Q2,Tuesday,False,19
2024-05-08,2024,5,May,May 2024,Q2,2024 Q2,Wednesday,False,19
2024-05-09,2024,5,May,May 2024,Q2,2024 Q2,Thursday,False,19
2024-05-10,2024,5,May,May 2024,Q2,2024 Q2,Friday,False,19
2024-05-11,2024,5,May,May 2024,Q2,2024 Q2,Saturday,True,19
2024-05-12,2024,5,May,May 2024,Q2,2024 Q2,Sunday,True,19
2024-05-13,2024,5,May,May 2024,Q2,2024 Q2,Monday,False,20
2024-05-14,2024,5,May,May 2024,Q2,2024 Q2,Tuesday,False,20
2024-05-15,2024,5,May,May 2024,Q2,2024 Q2,Wednesday,False,20
2024-05-16,2024,5,May,May 2024,Q2,2024 Q2,Thursday,False,20
2024-05-17,2024,5,May,May 2024,Q2,2024 Q2,Friday,False,20
2024-05-18,2024,5,May,May 2024,Q2,2024 Q2,Saturday,True,20
2024-05-19,2024,5,May,May 2024,Q2,2024 Q2,Sunday,True,20
2024-05-20,2024,5,May,May 2024,Q2,2024 Q2,Monday,False,21
2024-05-21,2024,5,May,May 2024,Q2,2024 Q2,Tuesday,False,21
2024-05-22,2024,5,May,May 2024,Q2,2024 Q2,Wednesday,False,21
2024-05-23,2024,5,May,May 2024,Q2,2024 Q2,Thursday,False,21
2024-05-24,2024,5,May,May 2024,Q2,2024 Q2,Friday,False,21
2024-05-25,2024,5,May,May 2024,Q2,2024 Q2,Saturday,True,21
2024-05-26,2024,5,May,May 2024,Q2,2024 Q2,Sunday,True,21
2024-05-27,2024,5,May,May 2024,Q2,2024 Q2,Monday,False,22
2024-05-28,2024,5,May,May 2024,Q2,2024 Q2,Tuesday,False,22
2024-05-29,2024,5,May,May 2024,Q2,2024 Q2,Wednesday,False,22
2024-05-30,2024,5,May,May 2024,Q2,2024 Q2,Thursday,False,22
2024-05-31,2024,5,May,May 2024,Q2,2024 Q2,Friday,False,22
2024-06-01,2024,6,Jun,Jun 2024,Q2,2024 Q2,Saturday,True,22
2024-06-02,2024,6,Jun,Jun 2024,Q2,2024 Q2,Sunday,True,22
2024-06-03,2024,6,Jun,Jun 2024,Q2,2024 Q2,Monday,False,23
2024-06-04,2024,6,Jun,Jun 2024,Q2,2024 Q2,Tuesday,False,23
2024-06-05,2024,6,Jun,Jun 2024,Q2,2024 Q2,Wednesday,False,23
2024-06-06,2024,6,Jun,Jun 2024,Q2,2024 Q2,Thursday,False,23
2024-06-07,2024,6,Jun,Jun 2024,Q2,2024 Q2,Friday,False,23
2024-06-08,2024,6,Jun,Jun 2024,Q2,2024 Q2,Saturday,True,23
2024-06-09,2024,6,Jun,Jun 2024,Q2,2024 Q2,Sunday,True,23
2024-06-10,2024,6,Jun,Jun 2024,Q2,2024 Q2,Monday,False,24
2024-06-11,2024,6,Jun,Jun 2024,Q2,2024 Q2,Tuesday,False,24
2024-06-12,2024,6,Jun,Jun 2024,Q2,2024 Q2,Wednesday,False,24
2024-06-13,2024,6,Jun,Jun 2024,Q2,2024 Q2,Thursday,False,24
2024-06-14,2024,6,Jun,Jun 2024,Q2,2024 Q2,Friday,False,24
2024-06-15,2024,6,Jun,Jun 2024,Q2,2024 Q2,Saturday,True,24
2024-06-16,2024,6,Jun,Jun 2024,Q2,2024 Q2,Sunday,True,24
2024-06-17,2024,6,Jun,Jun 2024,Q2,2024 Q2,Monday,False,25
2024-06-18,2024,6,Jun,Jun 2024,Q2,2024 Q2,Tuesday,False,25
2024-06-19,2024,6,Jun,Jun 2024,Q2,2024 Q2,Wednesday,False,25
2024-06-20,2024,6,Jun,Jun 2024,Q2,2024 Q2,Thursday,False,25
2024-06-21,2024,6,Jun,Jun 2024,Q2,2024 Q2,Friday,False,25
2024-06-22,2024,6,Jun,Jun 2024,Q2,2024 Q2,Saturday,True,25
2024-06-23,2024,6,Jun,Jun 2024,Q2,2024 Q2,Sunday,True,25
2024-06-24,2024,6,Jun,Jun 2024,Q2,2024 Q2,Monday,False,26
2024-06-25,2024,6,Jun,Jun 2024,Q2,2024 Q2,Tuesday,False,26
2024-06-26,2024,6,Jun,Jun 2024,Q2,2024 Q2,Wednesday,False,26
2024-06-27,2024,6,Jun,Jun 2024,Q2,2024 Q2,Thursday,False,26
2024-06-28,2024,6,Jun,Jun 2024,Q2,2024 Q2,Friday,False,26
2024-06-29,2024,6,Jun,Jun 2024,Q2,2024 Q2,Saturday,True,26
2024-06-30,2024,6,Jun,Jun 2024,Q2,2024 Q2,Sunday,True,26
2024-07-01,2024,7,Jul,Jul 2024,Q3,2024 Q3,Monday,False,27
2024-07-02,2024,7,Jul,Jul 2024,Q3,2024 Q3,Tuesday,False,27
2024-07-03,2024,7,Jul,Jul 2024,Q3,2024 Q3,Wednesday,False,27
2024-07-04,2024,7,Jul,Jul 2024,Q3,2024 Q3,Thursday,False,27
2024-07-05,2024,7,Jul,Jul 2024,Q3,2024 Q3,Friday,False,27
2024-07-06,2024,7,Jul,Jul 2024,Q3,2024 Q3,Saturday,True,27
2024-07-07,2024,7,Jul,Jul 2024,Q3,2024 Q3,Sunday,True,27
2024-07-08,2024,7,Jul,Jul 2024,Q3,2024 Q3,Monday,False,28
2024-07-09,2024,7,Jul,Jul 2024,Q3,2024 Q3,Tuesday,False,28
2024-07-10,2024,7,Jul,Jul 2024,Q3,2024 Q3,Wednesday,False,28
2024-07-11,2024,7,Jul,Jul 2024,Q3,2024 Q3,Thursday,False,28
2024-07-12,2024,7,Jul,Jul 2024,Q3,2024 Q3,Friday,False,28
2024-07-13,2024,7,Jul,Jul 2024,Q3,2024 Q3,Saturday,True,28
2024-07-14,2024,7,Jul,Jul 2024,Q3,2024 Q3,Sunday,True,28
2024-07-15,2024,7,Jul,Jul 2024,Q3,2024 Q3,Monday,False,29
2024-07-16,2024,7,Jul,Jul 2024,Q3,2024 Q3,Tuesday,False,29
2024-07-17,2024,7,Jul,Jul 2024,Q3,2024 Q3,Wednesday,False,29
2024-07-18,2024,7,Jul,Jul 2024,Q3,2024 Q3,Thursday,False,29
2024-07-19,2024,7,Jul,Jul 2024,Q3,2024 Q3,Friday,False,29
2024-07-20,2024,7,Jul,Jul 2024,Q3,2024 Q3,Saturday,True,29
2024-07-21,2024,7,Jul,Jul 2024,Q3,2024 Q3,Sunday,True,29
2024-07-22,2024,7,Jul,Jul 2024,Q3,2024 Q3,Monday,False,30
2024-07-23,2024,7,Jul,Jul 2024,Q3,2024 Q3,Tuesday,False,30
2024-07-24,2024,7,Jul,Jul 2024,Q3,2024 Q3,Wednesday,False,30
2024-07-25,2024,7,Jul,Jul 2024,Q3,2024 Q3,Thursday,False,30
2024-07-26,2024,7,Jul,Jul 2024,Q3,2024 Q3,Friday,False,30
2024-07-27,2024,7,Jul,Jul 2024,Q3,2024 Q3,Saturday,True,30
2024-07-28,2024,7,Jul,Jul 2024,Q3,2024 Q3,Sunday,True,30
2024-07-29,2024,7,Jul,Jul 2024,Q3,2024 Q3,Monday,False,31
2024-07-30,2024,7,Jul,Jul 2024,Q3,2024 Q3,Tuesday,False,31
2024-07-31,2024,7,Jul,Jul 2024,Q3,2024 Q3,Wednesday,False,31
2024-08-01,2024,8,Aug,Aug 2024,Q3,2024 Q3,Thursday,False,31
2024-08-02,2024,8,Aug,Aug 2024,Q3,2024 Q3,Friday,False,31
2024-08-03,2024,8,Aug,Aug 2024,Q3,2024 Q3,Saturday,True,31
2024-08-04,2024,8,Aug,Aug 2024,Q3,2024 Q3,Sunday,True,31
2024-08-05,2024,8,Aug,Aug 2024,Q3,2024 Q3,Monday,False,32
2024-08-06,2024,8,Aug,Aug 2024,Q3,2024 Q3,Tuesday,False,32
2024-08-07,2024,8,Aug,Aug 2024,Q3,2024 Q3,Wednesday,False,32
2024-08-08,2024,8,Aug,Aug 2024,Q3,2024 Q3,Thursday,False,32
2024-08-09,2024,8,Aug,Aug 2024,Q3,2024 Q3,Friday,False,32
2024-08-10,2024,8,Aug,Aug 2024,Q3,2024 Q3,Saturday,True,32
2024-08-11,2024,8,Aug,Aug 2024,Q3,2024 Q3,Sunday,True,32
2024-08-12,2024,8,Aug,Aug 2024,Q3,2024 Q3,Monday,False,33
2024-08-13,2024,8,Aug,Aug 2024,Q3,2024 Q3,Tuesday,False,33
2024-08-14,2024,8,Aug,Aug 2024,Q3,2024 Q3,Wednesday,False,33
2024-08-15,2024,8,Aug,Aug 2024,Q3,2024 Q3,Thursday,False,33
2024-08-16,2024,8,Aug,Aug 2024,Q3,2024 Q3,Friday,False,33
2024-08-17,2024,8,Aug,Aug 2024,Q3,2024 Q3,Saturday,True,33
2024-08-18,2024,8,Aug,Aug 2024,Q3,2024 Q3,Sunday,True,33
2024-08-19,2024,8,Aug,Aug 2024,Q3,2024 Q3,Monday,False,34
2024-08-20,2024,8,Aug,Aug 2024,Q3,2024 Q3,Tuesday,False,34
2024-08-21,2024,8,Aug,Aug 2024,Q3,2024 Q3,Wednesday,False,34
2024-08-22,2024,8,Aug,Aug 2024,Q3,2024 Q3,Thursday,False,34
2024-08-23,2024,8,Aug,Aug 2024,Q3,2024 Q3,Friday,False,34
2024-08-24,2024,8,Aug,Aug 2024,Q3,2024 Q3,Saturday,True,34
2024-08-25,2024,8,Aug,Aug 2024,Q3,2024 Q3,Sunday,True,34
2024-08-26,2024,8,Aug,Aug 2024,Q3,2024 Q3,Monday,False,35
2024-08-27,2024,8,Aug,Aug 2024,Q3,2024 Q3,Tuesday,False,35
2024-08-28,2024,8,Aug,Aug 2024,Q3,2024 Q3,Wednesday,False,35
2024-08-29,2024,8,Aug,Aug 2024,Q3,2024 Q3,Thursday,False,35
2024-08-30,2024,8,Aug,Aug 2024,Q3,2024 Q3,Friday,False,35
2024-08-31,2024,8,Aug,Aug 2024,Q3,2024 Q3,Saturday,True,35
2024-09-01,2024,9,Sep,Sep 2024,Q3,2024 Q3,Sunday,True,35
2024-09-02,2024,9,Sep,Sep 2024,Q3,2024 Q3,Monday,False,36
2024-09-03,2024,9,Sep,Sep 2024,Q3,2024 Q3,Tuesday,False,36
2024-09-04,2024,9,Sep,Sep 2024,Q3,2024 Q3,Wednesday,False,36
2024-09-05,2024,9,Sep,Sep 2024,Q3,2024 Q3,Thursday,False,36
2024-09-06,2024,9,Sep,Sep 2024,Q3,2024 Q3,Friday,False,36
2024-09-07,2024,9,Sep,Sep 2024,Q3,2024 Q3,Saturday,True,36
2024-09-08,2024,9,Sep,Sep 2024,Q3,2024 Q3,Sunday,True,36
2024-09-09,2024,9,Sep,Sep 2024,Q3,2024 Q3,Monday,False,37
2024-09-10,2024,9,Sep,Sep 2024,Q3,2024 Q3,Tuesday,False,37
2024-09-11,2024,9,Sep,Sep 2024,Q3,2024 Q3,Wednesday,False,37
2024-09-12,2024,9,Sep,Sep 2024,Q3,2024 Q3,Thursday,False,37
2024-09-13,2024,9,Sep,Sep 2024,Q3,2024 Q3,Friday,False,37
2024-09-14,2024,9,Sep,Sep 2024,Q3,2024 Q3,Saturday,True,37
2024-09-15,2024,9,Sep,Sep 2024,Q3,2024 Q3,Sunday,True,37
2024-09-16,2024,9,Sep,Sep 2024,Q3,2024 Q3,Monday,False,38
2024-09-17,2024,9,Sep,Sep 2024,Q3,2024 Q3,Tuesday,False,38
2024-09-18,2024,9,Sep,Sep 2024,Q3,2024 Q3,Wednesday,False,38
2024-09-19,2024,9,Sep,Sep 2024,Q3,2024 Q3,Thursday,False,38
2024-09-20,2024,9,Sep,Sep 2024,Q3,2024 Q3,Friday,False,38
2024-09-21,2024,9,Sep,Sep 2024,Q3,2024 Q3,Saturday,True,38
2024-09-22,2024,9,Sep,Sep 2024,Q3,2024 Q3,Sunday,True,38
2024-09-23,2024,9,Sep,Sep 2024,Q3,2024 Q3,Monday,False,39
2024-09-24,2024,9,Sep,Sep 2024,Q3,2024 Q3,Tuesday,False,39
2024-09-25,2024,9,Sep,Sep 2024,Q3,2024 Q3,Wednesday,False,39
2024-09-26,2024,9,Sep,Sep 2024,Q3,2024 Q3,Thursday,False,39
2024-09-27,2024,9,Sep,Sep 2024,Q3,2024 Q3,Friday,False,39
2024-09-28,2024,9,Sep,Sep 2024,Q3,2024 Q3,Saturday,True,39
2024-09-29,2024,9,Sep,Sep 2024,Q3,2024 Q3,Sunday,True,39
2024-09-30,2024,9,Sep,Sep 2024,Q3,2024 Q3,Monday,False,40
2024-10-01,2024,10,Oct,Oct 2024,Q4,2024 Q4,Tuesday,False,40
2024-10-02,2024,10,Oct,Oct 2024,Q4,2024 Q4,Wednesday,False,40
2024-10-03,2024,10,Oct,Oct 2024,Q4,2024 Q4,Thursday,False,40
2024-10-04,2024,10,Oct,Oct 2024,Q4,2024 Q4,Friday,False,40
2024-10-05,2024,10,Oct,Oct 2024,Q4,2024 Q4,Saturday,True,40
2024-10-06,2024,10,Oct,Oct 2024,Q4,2024 Q4,Sunday,True,40
2024-10-07,2024,10,Oct,Oct 2024,Q4,2024 Q4,Monday,False,41
2024-10-08,2024,10,Oct,Oct 2024,Q4,2024 Q4,Tuesday,False,41
2024-10-09,2024,10,Oct,Oct 2024,Q4,2024 Q4,Wednesday,False,41
2024-10-10,2024,10,Oct,Oct 2024,Q4,2024 Q4,Thursday,False,41
2024-10-11,2024,10,Oct,Oct 2024,Q4,2024 Q4,Friday,False,41
2024-10-12,2024,10,Oct,Oct 2024,Q4,2024 Q4,Saturday,True,41
2024-10-13,2024,10,Oct,Oct 2024,Q4,2024 Q4,Sunday,True,41
2024-10-14,2024,10,Oct,Oct 2024,Q4,2024 Q4,Monday,False,42
2024-10-15,2024,10,Oct,Oct 2024,Q4,2024 Q4,Tuesday,False,42
2024-10-16,2024,10,Oct,Oct 2024,Q4,2024 Q4,Wednesday,False,42
2024-10-17,2024,10,Oct,Oct 2024,Q4,2024 Q4,Thursday,False,42
2024-10-18,2024,10,Oct,Oct 2024,Q4,2024 Q4,Friday,False,42
2024-10-19,2024,10,Oct,Oct 2024,Q4,2024 Q4,Saturday,True,42
2024-10-20,2024,10,Oct,Oct 2024,Q4,2024 Q4,Sunday,True,42
2024-10-21,2024,10,Oct,Oct 2024,Q4,2024 Q4,Monday,False,43
2024-10-22,2024,10,Oct,Oct 2024,Q4,2024 Q4,Tuesday,False,43
2024-10-23,2024,10,Oct,Oct 2024,Q4,2024 Q4,Wednesday,False,43
2024-10-24,2024,10,Oct,Oct 2024,Q4,2024 Q4,Thursday,False,43
2024-10-25,2024,10,Oct,Oct 2024,Q4,2024 Q4,Friday,False,43
2024-10-26,2024,10,Oct,Oct 2024,Q4,2024 Q4,Saturday,True,43
2024-10-27,2024,10,Oct,Oct 2024,Q4,2024 Q4,Sunday,True,43
2024-10-28,2024,10,Oct,Oct 2024,Q4,2024 Q4,Monday,False,44
2024-10-29,2024,10,Oct,Oct 2024,Q4,2024 Q4,Tuesday,False,44
2024-10-30,2024,10,Oct,Oct 2024,Q4,2024 Q4,Wednesday,False,44
2024-10-31,2024,10,Oct,Oct 2024,Q4,2024 Q4,Thursday,False,44
2024-11-01,2024,11,Nov,Nov 2024,Q4,2024 Q4,Friday,False,44
2024-11-02,2024,11,Nov,Nov 2024,Q4,2024 Q4,Saturday,True,44
2024-11-03,2024,11,Nov,Nov 2024,Q4,2024 Q4,Sunday,True,44
2024-11-04,2024,11,Nov,Nov 2024,Q4,2024 Q4,Monday,False,45
2024-11-05,2024,11,Nov,Nov 2024,Q4,2024 Q4,Tuesday,False,45
2024-11-06,2024,11,Nov,Nov 2024,Q4,2024 Q4,Wednesday,False,45
2024-11-07,2024,11,Nov,Nov 2024,Q4,2024 Q4,Thursday,False,45
2024-11-08,2024,11,Nov,Nov 2024,Q4,2024 Q4,Friday,False,45
2024-11-09,2024,11,Nov,Nov 2024,Q4,2024 Q4,Saturday,True,45
2024-11-10,2024,11,Nov,Nov 2024,Q4,2024 Q4,Sunday,True,45
2024-11-11,2024,11,Nov,Nov 2024,Q4,2024 Q4,Monday,False,46
2024-11-12,2024,11,Nov,Nov 2024,Q4,2024 Q4,Tuesday,False,46
2024-11-13,2024,11,Nov,Nov 2024,Q4,2024 Q4,Wednesday,False,46
2024-11-14,2024,11,Nov,Nov 2024,Q4,2024 Q4,Thursday,False,46
2024-11-15,2024,11,Nov,Nov 2024,Q4,2024 Q4,Friday,False,46
2024-11-16,2024,11,Nov,Nov 2024,Q4,2024 Q4,Saturday,True,46
2024-11-17,2024,11,Nov,Nov 2024,Q4,2024 Q4,Sunday,True,46
2024-11-18,2024,11,Nov,Nov 2024,Q4,2024 Q4,Monday,False,47
2024-11-19,2024,11,Nov,Nov 2024,Q4,2024 Q4,Tuesday,False,47
2024-11-20,2024,11,Nov,Nov 2024,Q4,2024 Q4,Wednesday,False,47
2024-11-21,2024,11,Nov,Nov 2024,Q4,2024 Q4,Thursday,False,47
2024-11-22,2024,11,Nov,Nov 2024,Q4,2024 Q4,Friday,False,47
2024-11-23,2024,11,Nov,Nov 2024,Q4,2024 Q4,Saturday,True,47
2024-11-24,2024,11,Nov,Nov 2024,Q4,2024 Q4,Sunday,True,47
2024-11-25,2024,11,Nov,Nov 2024,Q4,2024 Q4,Monday,False,48
2024-11-26,2024,11,Nov,Nov 2024,Q4,2024 Q4,Tuesday,False,48
2024-11-27,2024,11,Nov,Nov 2024,Q4,2024 Q4,Wednesday,False,48
2024-11-28,2024,11,Nov,Nov 2024,Q4,2024 Q4,Thursday,False,48
2024-11-29,2024,11,Nov,Nov 2024,Q4,2024 Q4,Friday,False,48
2024-11-30,2024,11,Nov,Nov 2024,Q4,2024 Q4,Saturday,True,48
2024-12-01,2024,12,Dec,Dec 2024,Q4,2024 Q4,Sunday,True,48
2024-12-02,2024,12,Dec,Dec 2024,Q4,2024 Q4,Monday,False,49
2024-12-03,2024,12,Dec,Dec 2024,Q4,2024 Q4,Tuesday,False,49
2024-12-04,2024,12,Dec,Dec 2024,Q4,2024 Q4,Wednesday,False,49
2024-12-05,2024,12,Dec,Dec 2024,Q4,2024 Q4,Thursday,False,49
2024-12-06,2024,12,Dec,Dec 2024,Q4,2024 Q4,Friday,False,49
2024-12-07,2024,12,Dec,Dec 2024,Q4,2024 Q4,Saturday,True,49
2024-12-08,2024,12,Dec,Dec 2024,Q4,2024 Q4,Sunday,True,49
2024-12-09,2024,12,Dec,Dec 2024,Q4,2024 Q4,Monday,False,50
2024-12-10,2024,12,Dec,Dec 2024,Q4,2024 Q4,Tuesday,False,50
2024-12-11,2024,12,Dec,Dec 2024,Q4,2024 Q4,Wednesday,False,50
2024-12-12,2024,12,Dec,Dec 2024,Q4,2024 Q4,Thursday,False,50
2024-12-13,2024,12,Dec,Dec 2024,Q4,2024 Q4,Friday,False,50
2024-12-14,2024,12,Dec,Dec 2024,Q4,2024 Q4,Saturday,True,50
2024-12-15,2024,12,Dec,Dec 2024,Q4,2024 Q4,Sunday,True,50
2024-12-16,2024,12,Dec,Dec 2024,Q4,2024 Q4,Monday,False,51
2024-12-17,2024,12,Dec,Dec 2024,Q4,2024 Q4,Tuesday,False,51
2024-12-18,2024,12,Dec,Dec 2024,Q4,2024 Q4,Wednesday,False,51
2024-12-19,2024,12,Dec,Dec 2024,Q4,2024 Q4,Thursday,False,51
2024-12-20,2024,12,Dec,Dec 2024,Q4,2024 Q4,Friday,False,51
2024-12-21,2024,12,Dec,Dec 2024,Q4,2024 Q4,Saturday,True,51
2024-12-22,2024,12,Dec,Dec 2024,Q4,2024 Q4,Sunday,True,51
2024-12-23,2024,12,Dec,Dec 2024,Q4,2024 Q4,Monday,False,52
2024-12-24,2024,12,Dec,Dec 2024,Q4,2024 Q4,Tuesday,False,52
2024-12-25,2024,12,Dec,Dec 2024,Q4,2024 Q4,Wednesday,False,52
2024-12-26,2024,12,Dec,Dec 2024,Q4,2024 Q4,Thursday,False,52
2024-12-27,2024,12,Dec,Dec 2024,Q4,2024 Q4,Friday,False,52
2024-12-28,2024,12,Dec,Dec 2024,Q4,2024 Q4,Saturday,True,52
2024-12-29,2024,12,Dec,Dec 2024,Q4,2024 Q4,Sunday,True,52
2024-12-30,2024,12,Dec,Dec 2024,Q4,2024 Q4,Monday,False,1
2024-12-31,2024,12,Dec,Dec 2024,Q4,2024 Q4,Tuesday,False,1
2025-01-01,2025,1,Jan,Jan 2025,Q1,2025 Q1,Wednesday,False,1
2025-01-02,2025,1,Jan,Jan 2025,Q1,2025 Q1,Thursday,False,1
2025-01-03,2025,1,Jan,Jan 2025,Q1,2025 Q1,Friday,False,1
2025-01-04,2025,1,Jan,Jan 2025,Q1,2025 Q1,Saturday,True,1
2025-01-05,2025,1,Jan,Jan 2025,Q1,2025 Q1,Sunday,True,1
2025-01-06,2025,1,Jan,Jan 2025,Q1,2025 Q1,Monday,False,2
2025-01-07,2025,1,Jan,Jan 2025,Q1,2025 Q1,Tuesday,False,2
2025-01-08,2025,1,Jan,Jan 2025,Q1,2025 Q1,Wednesday,False,2
2025-01-09,2025,1,Jan,Jan 2025,Q1,2025 Q1,Thursday,False,2
2025-01-10,2025,1,Jan,Jan 2025,Q1,2025 Q1,Friday,False,2
2025-01-11,2025,1,Jan,Jan 2025,Q1,2025 Q1,Saturday,True,2
2025-01-12,2025,1,Jan,Jan 2025,Q1,2025 Q1,Sunday,True,2
2025-01-13,2025,1,Jan,Jan 2025,Q1,2025 Q1,Monday,False,3
2025-01-14,2025,1,Jan,Jan 2025,Q1,2025 Q1,Tuesday,False,3
2025-01-15,2025,1,Jan,Jan 2025,Q1,2025 Q1,Wednesday,False,3
2025-01-16,2025,1,Jan,Jan 2025,Q1,2025 Q1,Thursday,False,3
2025-01-17,2025,1,Jan,Jan 2025,Q1,2025 Q1,Friday,False,3
2025-01-18,2025,1,Jan,Jan 2025,Q1,2025 Q1,Saturday,True,3
2025-01-19,2025,1,Jan,Jan 2025,Q1,2025 Q1,Sunday,True,3
2025-01-20,2025,1,Jan,Jan 2025,Q1,2025 Q1,Monday,False,4
2025-01-21,2025,1,Jan,Jan 2025,Q1,2025 Q1,Tuesday,False,4
2025-01-22,2025,1,Jan,Jan 2025,Q1,2025 Q1,Wednesday,False,4
2025-01-23,2025,1,Jan,Jan 2025,Q1,2025 Q1,Thursday,False,4
2025-01-24,2025,1,Jan,Jan 2025,Q1,2025 Q1,Friday,False,4
2025-01-25,2025,1,Jan,Jan 2025,Q1,2025 Q1,Saturday,True,4
2025-01-26,2025,1,Jan,Jan 2025,Q1,2025 Q1,Sunday,True,4
2025-01-27,2025,1,Jan,Jan 2025,Q1,2025 Q1,Monday,False,5
2025-01-28,2025,1,Jan,Jan 2025,Q1,2025 Q1,Tuesday,False,5
2025-01-29,2025,1,Jan,Jan 2025,Q1,2025 Q1,Wednesday,False,5
2025-01-30,2025,1,Jan,Jan 2025,Q1,2025 Q1,Thursday,False,5
2025-01-31,2025,1,Jan,Jan 2025,Q1,2025 Q1,Friday,False,5
2025-02-01,2025,2,Feb,Feb 2025,Q1,2025 Q1,Saturday,True,5
2025-02-02,2025,2,Feb,Feb 2025,Q1,2025 Q1,Sunday,True,5
2025-02-03,2025,2,Feb,Feb 2025,Q1,2025 Q1,Monday,False,6
2025-02-04,2025,2,Feb,Feb 2025,Q1,2025 Q1,Tuesday,False,6
2025-02-05,2025,2,Feb,Feb 2025,Q1,2025 Q1,Wednesday,False,6
2025-02-06,2025,2,Feb,Feb 2025,Q1,2025 Q1,Thursday,False,6
2025-02-07,2025,2,Feb,Feb 2025,Q1,2025 Q1,Friday,False,6
2025-02-08,2025,2,Feb,Feb 2025,Q1,2025 Q1,Saturday,True,6
2025-02-09,2025,2,Feb,Feb 2025,Q1,2025 Q1,Sunday,True,6
2025-02-10,2025,2,Feb,Feb 2025,Q1,2025 Q1,Monday,False,7
2025-02-11,2025,2,Feb,Feb 2025,Q1,2025 Q1,Tuesday,False,7
2025-02-12,2025,2,Feb,Feb 2025,Q1,2025 Q1,Wednesday,False,7
2025-02-13,2025,2,Feb,Feb 2025,Q1,2025 Q1,Thursday,False,7
2025-02-14,2025,2,Feb,Feb 2025,Q1,2025 Q1,Friday,False,7
2025-02-15,2025,2,Feb,Feb 2025,Q1,2025 Q1,Saturday,True,7
2025-02-16,2025,2,Feb,Feb 2025,Q1,2025 Q1,Sunday,True,7
2025-02-17,2025,2,Feb,Feb 2025,Q1,2025 Q1,Monday,False,8
2025-02-18,2025,2,Feb,Feb 2025,Q1,2025 Q1,Tuesday,False,8
2025-02-19,2025,2,Feb,Feb 2025,Q1,2025 Q1,Wednesday,False,8
2025-02-20,2025,2,Feb,Feb 2025,Q1,2025 Q1,Thursday,False,8
2025-02-21,2025,2,Feb,Feb 2025,Q1,2025 Q1,Friday,False,8
2025-02-22,2025,2,Feb,Feb 2025,Q1,2025 Q1,Saturday,True,8
2025-02-23,2025,2,Feb,Feb 2025,Q1,2025 Q1,Sunday,True,8
2025-02-24,2025,2,Feb,Feb 2025,Q1,2025 Q1,Monday,False,9
2025-02-25,2025,2,Feb,Feb 2025,Q1,2025 Q1,Tuesday,False,9
2025-02-26,2025,2,Feb,Feb 2025,Q1,2025 Q1,Wednesday,False,9
2025-02-27,2025,2,Feb,Feb 2025,Q1,2025 Q1,Thursday,False,9
2025-02-28,2025,2,Feb,Feb 2025,Q1,2025 Q1,Friday,False,9
2025-03-01,2025,3,Mar,Mar 2025,Q1,2025 Q1,Saturday,True,9
2025-03-02,2025,3,Mar,Mar 2025,Q1,2025 Q1,Sunday,True,9
2025-03-03,2025,3,Mar,Mar 2025,Q1,2025 Q1,Monday,False,10
2025-03-04,2025,3,Mar,Mar 2025,Q1,2025 Q1,Tuesday,False,10
2025-03-05,2025,3,Mar,Mar 2025,Q1,2025 Q1,Wednesday,False,10
2025-03-06,2025,3,Mar,Mar 2025,Q1,2025 Q1,Thursday,False,10
2025-03-07,2025,3,Mar,Mar 2025,Q1,2025 Q1,Friday,False,10
2025-03-08,2025,3,Mar,Mar 2025,Q1,2025 Q1,Saturday,True,10
2025-03-09,2025,3,Mar,Mar 2025,Q1,2025 Q1,Sunday,True,10
2025-03-10,2025,3,Mar,Mar 2025,Q1,2025 Q1,Monday,False,11
2025-03-11,2025,3,Mar,Mar 2025,Q1,2025 Q1,Tuesday,False,11
2025-03-12,2025,3,Mar,Mar 2025,Q1,2025 Q1,Wednesday,False,11
2025-03-13,2025,3,Mar,Mar 2025,Q1,2025 Q1,Thursday,False,11
2025-03-14,2025,3,Mar,Mar 2025,Q1,2025 Q1,Friday,False,11
2025-03-15,2025,3,Mar,Mar 2025,Q1,2025 Q1,Saturday,True,11
2025-03-16,2025,3,Mar,Mar 2025,Q1,2025 Q1,Sunday,True,11
2025-03-17,2025,3,Mar,Mar 2025,Q1,2025 Q1,Monday,False,12
2025-03-18,2025,3,Mar,Mar 2025,Q1,2025 Q1,Tuesday,False,12
2025-03-19,2025,3,Mar,Mar 2025,Q1,2025 Q1,Wednesday,False,12
2025-03-20,2025,3,Mar,Mar 2025,Q1,2025 Q1,Thursday,False,12
2025-03-21,2025,3,Mar,Mar 2025,Q1,2025 Q1,Friday,False,12
2025-03-22,2025,3,Mar,Mar 2025,Q1,2025 Q1,Saturday,True,12
2025-03-23,2025,3,Mar,Mar 2025,Q1,2025 Q1,Sunday,True,12
2025-03-24,2025,3,Mar,Mar 2025,Q1,2025 Q1,Monday,False,13
2025-03-25,2025,3,Mar,Mar 2025,Q1,2025 Q1,Tuesday,False,13
2025-03-26,2025,3,Mar,Mar 2025,Q1,2025 Q1,Wednesday,False,13
2025-03-27,2025,3,Mar,Mar 2025,Q1,2025 Q1,Thursday,False,13
2025-03-28,2025,3,Mar,Mar 2025,Q1,2025 Q1,Friday,False,13
2025-03-29,2025,3,Mar,Mar 2025,Q1,2025 Q1,Saturday,True,13
2025-03-30,2025,3,Mar,Mar 2025,Q1,2025 Q1,Sunday,True,13
2025-03-31,2025,3,Mar,Mar 2025,Q1,2025 Q1,Monday,False,14
2025-04-01,2025,4,Apr,Apr 2025,Q2,2025 Q2,Tuesday,False,14
2025-04-02,2025,4,Apr,Apr 2025,Q2,2025 Q2,Wednesday,False,14
2025-04-03,2025,4,Apr,Apr 2025,Q2,2025 Q2,Thursday,False,14
2025-04-04,2025,4,Apr,Apr 2025,Q2,2025 Q2,Friday,False,14
2025-04-05,2025,4,Apr,Apr 2025,Q2,2025 Q2,Saturday,True,14
2025-04-06,2025,4,Apr,Apr 2025,Q2,2025 Q2,Sunday,True,14
2025-04-07,2025,4,Apr,Apr 2025,Q2,2025 Q2,Monday,False,15
2025-04-08,2025,4,Apr,Apr 2025,Q2,2025 Q2,Tuesday,False,15
2025-04-09,2025,4,Apr,Apr 2025,Q2,2025 Q2,Wednesday,False,15
2025-04-10,2025,4,Apr,Apr 2025,Q2,2025 Q2,Thursday,False,15
2025-04-11,2025,4,Apr,Apr 2025,Q2,2025 Q2,Friday,False,15
2025-04-12,2025,4,Apr,Apr 2025,Q2,2025 Q2,Saturday,True,15
2025-04-13,2025,4,Apr,Apr 2025,Q2,2025 Q2,Sunday,True,15
2025-04-14,2025,4,Apr,Apr 2025,Q2,2025 Q2,Monday,False,16
2025-04-15,2025,4,Apr,Apr 2025,Q2,2025 Q2,Tuesday,False,16
2025-04-16,2025,4,Apr,Apr 2025,Q2,2025 Q2,Wednesday,False,16
2025-04-17,2025,4,Apr,Apr 2025,Q2,2025 Q2,Thursday,False,16
2025-04-18,2025,4,Apr,Apr 2025,Q2,2025 Q2,Friday,False,16
2025-04-19,2025,4,Apr,Apr 2025,Q2,2025 Q2,Saturday,True,16
2025-04-20,2025,4,Apr,Apr 2025,Q2,2025 Q2,Sunday,True,16
2025-04-21,2025,4,Apr,Apr 2025,Q2,2025 Q2,Monday,False,17
2025-04-22,2025,4,Apr,Apr 2025,Q2,2025 Q2,Tuesday,False,17
2025-04-23,2025,4,Apr,Apr 2025,Q2,2025 Q2,Wednesday,False,17
2025-04-24,2025,4,Apr,Apr 2025,Q2,2025 Q2,Thursday,False,17
2025-04-25,2025,4,Apr,Apr 2025,Q2,2025 Q2,Friday,False,17
2025-04-26,2025,4,Apr,Apr 2025,Q2,2025 Q2,Saturday,True,17
2025-04-27,2025,4,Apr,Apr 2025,Q2,2025 Q2,Sunday,True,17
2025-04-28,2025,4,Apr,Apr 2025,Q2,2025 Q2,Monday,False,18
2025-04-29,2025,4,Apr,Apr 2025,Q2,2025 Q2,Tuesday,False,18
2025-04-30,2025,4,Apr,Apr 2025,Q2,2025 Q2,Wednesday,False,18
2025-05-01,2025,5,May,May 2025,Q2,2025 Q2,Thursday,False,18
2025-05-02,2025,5,May,May 2025,Q2,2025 Q2,Friday,False,18
2025-05-03,2025,5,May,May 2025,Q2,2025 Q2,Saturday,True,18
2025-05-04,2025,5,May,May 2025,Q2,2025 Q2,Sunday,True,18
2025-05-05,2025,5,May,May 2025,Q2,2025 Q2,Monday,False,19
2025-05-06,2025,5,May,May 2025,Q2,2025 Q2,Tuesday,False,19
2025-05-07,2025,5,May,May 2025,Q2,2025 Q2,Wednesday,False,19
2025-05-08,2025,5,May,May 2025,Q2,2025 Q2,Thursday,False,19
2025-05-09,2025,5,May,May 2025,Q2,2025 Q2,Friday,False,19
2025-05-10,2025,5,May,May 2025,Q2,2025 Q2,Saturday,True,19
2025-05-11,2025,5,May,May 2025,Q2,2025 Q2,Sunday,True,19
2025-05-12,2025,5,May,May 2025,Q2,2025 Q2,Monday,False,20
2025-05-13,2025,5,May,May 2025,Q2,2025 Q2,Tuesday,False,20
2025-05-14,2025,5,May,May 2025,Q2,2025 Q2,Wednesday,False,20
2025-05-15,2025,5,May,May 2025,Q2,2025 Q2,Thursday,False,20
2025-05-16,2025,5,May,May 2025,Q2,2025 Q2,Friday,False,20
2025-05-17,2025,5,May,May 2025,Q2,2025 Q2,Saturday,True,20
2025-05-18,2025,5,May,May 2025,Q2,2025 Q2,Sunday,True,20
2025-05-19,2025,5,May,May 2025,Q2,2025 Q2,Monday,False,21
2025-05-20,2025,5,May,May 2025,Q2,2025 Q2,Tuesday,False,21
2025-05-21,2025,5,May,May 2025,Q2,2025 Q2,Wednesday,False,21
2025-05-22,2025,5,May,May 2025,Q2,2025 Q2,Thursday,False,21
2025-05-23,2025,5,May,May 2025,Q2,2025 Q2,Friday,False,21
2025-05-24,2025,5,May,May 2025,Q2,2025 Q2,Saturday,True,21
2025-05-25,2025,5,May,May 2025,Q2,2025 Q2,Sunday,True,21
2025-05-26,2025,5,May,May 2025,Q2,2025 Q2,Monday,False,22
2025-05-27,2025,5,May,May 2025,Q2,2025 Q2,Tuesday,False,22
2025-05-28,2025,5,May,May 2025,Q2,2025 Q2,Wednesday,False,22
2025-05-29,2025,5,May,May 2025,Q2,2025 Q2,Thursday,False,22
2025-05-30,2025,5,May,May 2025,Q2,2025 Q2,Friday,False,22
2025-05-31,2025,5,May,May 2025,Q2,2025 Q2,Saturday,True,22
2025-06-01,2025,6,Jun,Jun 2025,Q2,2025 Q2,Sunday,True,22
2025-06-02,2025,6,Jun,Jun 2025,Q2,2025 Q2,Monday,False,23
2025-06-03,2025,6,Jun,Jun 2025,Q2,2025 Q2,Tuesday,False,23
2025-06-04,2025,6,Jun,Jun 2025,Q2,2025 Q2,Wednesday,False,23
2025-06-05,2025,6,Jun,Jun 2025,Q2,2025 Q2,Thursday,False,23
2025-06-06,2025,6,Jun,Jun 2025,Q2,2025 Q2,Friday,False,23
2025-06-07,2025,6,Jun,Jun 2025,Q2,2025 Q2,Saturday,True,23
2025-06-08,2025,6,Jun,Jun 2025,Q2,2025 Q2,Sunday,True,23
2025-06-09,2025,6,Jun,Jun 2025,Q2,2025 Q2,Monday,False,24
2025-06-10,2025,6,Jun,Jun 2025,Q2,2025 Q2,Tuesday,False,24
2025-06-11,2025,6,Jun,Jun 2025,Q2,2025 Q2,Wednesday,False,24
2025-06-12,2025,6,Jun,Jun 2025,Q2,2025 Q2,Thursday,False,24
2025-06-13,2025,6,Jun,Jun 2025,Q2,2025 Q2,Friday,False,24
2025-06-14,2025,6,Jun,Jun 2025,Q2,2025 Q2,Saturday,True,24
2025-06-15,2025,6,Jun,Jun 2025,Q2,2025 Q2,Sunday,True,24
2025-06-16,2025,6,Jun,Jun 2025,Q2,2025 Q2,Monday,False,25
2025-06-17,2025,6,Jun,Jun 2025,Q2,2025 Q2,Tuesday,False,25
2025-06-18,2025,6,Jun,Jun 2025,Q2,2025 Q2,Wednesday,False,25
2025-06-19,2025,6,Jun,Jun 2025,Q2,2025 Q2,Thursday,False,25
2025-06-20,2025,6,Jun,Jun 2025,Q2,2025 Q2,Friday,False,25
2025-06-21,2025,6,Jun,Jun 2025,Q2,2025 Q2,Saturday,True,25
2025-06-22,2025,6,Jun,Jun 2025,Q2,2025 Q2,Sunday,True,25
2025-06-23,2025,6,Jun,Jun 2025,Q2,2025 Q2,Monday,False,26
2025-06-24,2025,6,Jun,Jun 2025,Q2,2025 Q2,Tuesday,False,26
2025-06-25,2025,6,Jun,Jun 2025,Q2,2025 Q2,Wednesday,False,26
2025-06-26,2025,6,Jun,Jun 2025,Q2,2025 Q2,Thursday,False,26
2025-06-27,2025,6,Jun,Jun 2025,Q2,2025 Q2,Friday,False,26
2025-06-28,2025,6,Jun,Jun 2025,Q2,2025 Q2,Saturday,True,26
2025-06-29,2025,6,Jun,Jun 2025,Q2,2025 Q2,Sunday,True,26
2025-06-30,2025,6,Jun,Jun 2025,Q2,2025 Q2,Monday,False,27
2025-07-01,2025,7,Jul,Jul 2025,Q3,2025 Q3,Tuesday,False,27
2025-07-02,2025,7,Jul,Jul 2025,Q3,2025 Q3,Wednesday,False,27
2025-07-03,2025,7,Jul,Jul 2025,Q3,2025 Q3,Thursday,False,27
2025-07-04,2025,7,Jul,Jul 2025,Q3,2025 Q3,Friday,False,27
2025-07-05,2025,7,Jul,Jul 2025,Q3,2025 Q3,Saturday,True,27
2025-07-06,2025,7,Jul,Jul 2025,Q3,2025 Q3,Sunday,True,27
2025-07-07,2025,7,Jul,Jul 2025,Q3,2025 Q3,Monday,False,28
2025-07-08,2025,7,Jul,Jul 2025,Q3,2025 Q3,Tuesday,False,28
2025-07-09,2025,7,Jul,Jul 2025,Q3,2025 Q3,Wednesday,False,28
2025-07-10,2025,7,Jul,Jul 2025,Q3,2025 Q3,Thursday,False,28
2025-07-11,2025,7,Jul,Jul 2025,Q3,2025 Q3,Friday,False,28
2025-07-12,2025,7,Jul,Jul 2025,Q3,2025 Q3,Saturday,True,28
2025-07-13,2025,7,Jul,Jul 2025,Q3,2025 Q3,Sunday,True,28
2025-07-14,2025,7,Jul,Jul 2025,Q3,2025 Q3,Monday,False,29
2025-07-15,2025,7,Jul,Jul 2025,Q3,2025 Q3,Tuesday,False,29
2025-07-16,2025,7,Jul,Jul 2025,Q3,2025 Q3,Wednesday,False,29
2025-07-17,2025,7,Jul,Jul 2025,Q3,2025 Q3,Thursday,False,29
2025-07-18,2025,7,Jul,Jul 2025,Q3,2025 Q3,Friday,False,29
2025-07-19,2025,7,Jul,Jul 2025,Q3,2025 Q3,Saturday,True,29
2025-07-20,2025,7,Jul,Jul 2025,Q3,2025 Q3,Sunday,True,29
2025-07-21,2025,7,Jul,Jul 2025,Q3,2025 Q3,Monday,False,30
2025-07-22,2025,7,Jul,Jul 2025,Q3,2025 Q3,Tuesday,False,30
2025-07-23,2025,7,Jul,Jul 2025,Q3,2025 Q3,Wednesday,False,30
2025-07-24,2025,7,Jul,Jul 2025,Q3,2025 Q3,Thursday,False,30
2025-07-25,2025,7,Jul,Jul 2025,Q3,2025 Q3,Friday,False,30
2025-07-26,2025,7,Jul,Jul 2025,Q3,2025 Q3,Saturday,True,30
2025-07-27,2025,7,Jul,Jul 2025,Q3,2025 Q3,Sunday,True,30
2025-07-28,2025,7,Jul,Jul 2025,Q3,2025 Q3,Monday,False,31
2025-07-29,2025,7,Jul,Jul 2025,Q3,2025 Q3,Tuesday,False,31
2025-07-30,2025,7,Jul,Jul 2025,Q3,2025 Q3,Wednesday,False,31
2025-07-31,2025,7,Jul,Jul 2025,Q3,2025 Q3,Thursday,False,31
2025-08-01,2025,8,Aug,Aug 2025,Q3,2025 Q3,Friday,False,31
2025-08-02,2025,8,Aug,Aug 2025,Q3,2025 Q3,Saturday,True,31
2025-08-03,2025,8,Aug,Aug 2025,Q3,2025 Q3,Sunday,True,31
2025-08-04,2025,8,Aug,Aug 2025,Q3,2025 Q3,Monday,False,32
2025-08-05,2025,8,Aug,Aug 2025,Q3,2025 Q3,Tuesday,False,32
2025-08-06,2025,8,Aug,Aug 2025,Q3,2025 Q3,Wednesday,False,32
2025-08-07,2025,8,Aug,Aug 2025,Q3,2025 Q3,Thursday,False,32
2025-08-08,2025,8,Aug,Aug 2025,Q3,2025 Q3,Friday,False,32
2025-08-09,2025,8,Aug,Aug 2025,Q3,2025 Q3,Saturday,True,32
2025-08-10,2025,8,Aug,Aug 2025,Q3,2025 Q3,Sunday,True,32
2025-08-11,2025,8,Aug,Aug 2025,Q3,2025 Q3,Monday,False,33
2025-08-12,2025,8,Aug,Aug 2025,Q3,2025 Q3,Tuesday,False,33
2025-08-13,2025,8,Aug,Aug 2025,Q3,2025 Q3,Wednesday,False,33
2025-08-14,2025,8,Aug,Aug 2025,Q3,2025 Q3,Thursday,False,33
2025-08-15,2025,8,Aug,Aug 2025,Q3,2025 Q3,Friday,False,33
2025-08-16,2025,8,Aug,Aug 2025,Q3,2025 Q3,Saturday,True,33
2025-08-17,2025,8,Aug,Aug 2025,Q3,2025 Q3,Sunday,True,33
2025-08-18,2025,8,Aug,Aug 2025,Q3,2025 Q3,Monday,False,34
2025-08-19,2025,8,Aug,Aug 2025,Q3,2025 Q3,Tuesday,False,34
2025-08-20,2025,8,Aug,Aug 2025,Q3,2025 Q3,Wednesday,False,34
2025-08-21,2025,8,Aug,Aug 2025,Q3,2025 Q3,Thursday,False,34
2025-08-22,2025,8,Aug,Aug 2025,Q3,2025 Q3,Friday,False,34
2025-08-23,2025,8,Aug,Aug 2025,Q3,2025 Q3,Saturday,True,34
2025-08-24,2025,8,Aug,Aug 2025,Q3,2025 Q3,Sunday,True,34
2025-08-25,2025,8,Aug,Aug 2025,Q3,2025 Q3,Monday,False,35
2025-08-26,2025,8,Aug,Aug 2025,Q3,2025 Q3,Tuesday,False,35
2025-08-27,2025,8,Aug,Aug 2025,Q3,2025 Q3,Wednesday,False,35
2025-08-28,2025,8,Aug,Aug 2025,Q3,2025 Q3,Thursday,False,35
2025-08-29,2025,8,Aug,Aug 2025,Q3,2025 Q3,Friday,False,35
2025-08-30,2025,8,Aug,Aug 2025,Q3,2025 Q3,Saturday,True,35
2025-08-31,2025,8,Aug,Aug 2025,Q3,2025 Q3,Sunday,True,35
2025-09-01,2025,9,Sep,Sep 2025,Q3,2025 Q3,Monday,False,36
2025-09-02,2025,9,Sep,Sep 2025,Q3,2025 Q3,Tuesday,False,36
2025-09-03,2025,9,Sep,Sep 2025,Q3,2025 Q3,Wednesday,False,36
2025-09-04,2025,9,Sep,Sep 2025,Q3,2025 Q3,Thursday,False,36
2025-09-05,2025,9,Sep,Sep 2025,Q3,2025 Q3,Friday,False,36
2025-09-06,2025,9,Sep,Sep 2025,Q3,2025 Q3,Saturday,True,36
2025-09-07,2025,9,Sep,Sep 2025,Q3,2025 Q3,Sunday,True,36
2025-09-08,2025,9,Sep,Sep 2025,Q3,2025 Q3,Monday,False,37
2025-09-09,2025,9,Sep,Sep 2025,Q3,2025 Q3,Tuesday,False,37
2025-09-10,2025,9,Sep,Sep 2025,Q3,2025 Q3,Wednesday,False,37
2025-09-11,2025,9,Sep,Sep 2025,Q3,2025 Q3,Thursday,False,37
2025-09-12,2025,9,Sep,Sep 2025,Q3,2025 Q3,Friday,False,37
2025-09-13,2025,9,Sep,Sep 2025,Q3,2025 Q3,Saturday,True,37
2025-09-14,2025,9,Sep,Sep 2025,Q3,2025 Q3,Sunday,True,37
2025-09-15,2025,9,Sep,Sep 2025,Q3,2025 Q3,Monday,False,38
2025-09-16,2025,9,Sep,Sep 2025,Q3,2025 Q3,Tuesday,False,38
2025-09-17,2025,9,Sep,Sep 2025,Q3,2025 Q3,Wednesday,False,38
2025-09-18,2025,9,Sep,Sep 2025,Q3,2025 Q3,Thursday,False,38
2025-09-19,2025,9,Sep,Sep 2025,Q3,2025 Q3,Friday,False,38
2025-09-20,2025,9,Sep,Sep 2025,Q3,2025 Q3,Saturday,True,38
2025-09-21,2025,9,Sep,Sep 2025,Q3,2025 Q3,Sunday,True,38
2025-09-22,2025,9,Sep,Sep 2025,Q3,2025 Q3,Monday,False,39
2025-09-23,2025,9,Sep,Sep 2025,Q3,2025 Q3,Tuesday,False,39
2025-09-24,2025,9,Sep,Sep 2025,Q3,2025 Q3,Wednesday,False,39
2025-09-25,2025,9,Sep,Sep 2025,Q3,2025 Q3,Thursday,False,39
2025-09-26,2025,9,Sep,Sep 2025,Q3,2025 Q3,Friday,False,39
2025-09-27,2025,9,Sep,Sep 2025,Q3,2025 Q3,Saturday,True,39
2025-09-28,2025,9,Sep,Sep 2025,Q3,2025 Q3,Sunday,True,39
2025-09-29,2025,9,Sep,Sep 2025,Q3,2025 Q3,Monday,False,40
2025-09-30,2025,9,Sep,Sep 2025,Q3,2025 Q3,Tuesday,False,40
2025-10-01,2025,10,Oct,Oct 2025,Q4,2025 Q4,Wednesday,False,40
2025-10-02,2025,10,Oct,Oct 2025,Q4,2025 Q4,Thursday,False,40
2025-10-03,2025,10,Oct,Oct 2025,Q4,2025 Q4,Friday,False,40
2025-10-04,2025,10,Oct,Oct 2025,Q4,2025 Q4,Saturday,True,40
2025-10-05,2025,10,Oct,Oct 2025,Q4,2025 Q4,Sunday,True,40
2025-10-06,2025,10,Oct,Oct 2025,Q4,2025 Q4,Monday,False,41
2025-10-07,2025,10,Oct,Oct 2025,Q4,2025 Q4,Tuesday,False,41
2025-10-08,2025,10,Oct,Oct 2025,Q4,2025 Q4,Wednesday,False,41
2025-10-09,2025,10,Oct,Oct 2025,Q4,2025 Q4,Thursday,False,41
2025-10-10,2025,10,Oct,Oct 2025,Q4,2025 Q4,Friday,False,41
2025-10-11,2025,10,Oct,Oct 2025,Q4,2025 Q4,Saturday,True,41
2025-10-12,2025,10,Oct,Oct 2025,Q4,2025 Q4,Sunday,True,41
2025-10-13,2025,10,Oct,Oct 2025,Q4,2025 Q4,Monday,False,42
2025-10-14,2025,10,Oct,Oct 2025,Q4,2025 Q4,Tuesday,False,42
2025-10-15,2025,10,Oct,Oct 2025,Q4,2025 Q4,Wednesday,False,42
2025-10-16,2025,10,Oct,Oct 2025,Q4,2025 Q4,Thursday,False,42
2025-10-17,2025,10,Oct,Oct 2025,Q4,2025 Q4,Friday,False,42
2025-10-18,2025,10,Oct,Oct 2025,Q4,2025 Q4,Saturday,True,42
2025-10-19,2025,10,Oct,Oct 2025,Q4,2025 Q4,Sunday,True,42
2025-10-20,2025,10,Oct,Oct 2025,Q4,2025 Q4,Monday,False,43
2025-10-21,2025,10,Oct,Oct 2025,Q4,2025 Q4,Tuesday,False,43
2025-10-22,2025,10,Oct,Oct 2025,Q4,2025 Q4,Wednesday,False,43
2025-10-23,2025,10,Oct,Oct 2025,Q4,2025 Q4,Thursday,False,43
2025-10-24,2025,10,Oct,Oct 2025,Q4,2025 Q4,Friday,False,43
2025-10-25,2025,10,Oct,Oct 2025,Q4,2025 Q4,Saturday,True,43
2025-10-26,2025,10,Oct,Oct 2025,Q4,2025 Q4,Sunday,True,43
2025-10-27,2025,10,Oct,Oct 2025,Q4,2025 Q4,Monday,False,44
2025-10-28,2025,10,Oct,Oct 2025,Q4,2025 Q4,Tuesday,False,44
2025-10-29,2025,10,Oct,Oct 2025,Q4,2025 Q4,Wednesday,False,44
2025-10-30,2025,10,Oct,Oct 2025,Q4,2025 Q4,Thursday,False,44
2025-10-31,2025,10,Oct,Oct 2025,Q4,2025 Q4,Friday,False,44
2025-11-01,2025,11,Nov,Nov 2025,Q4,2025 Q4,Saturday,True,44
2025-11-02,2025,11,Nov,Nov 2025,Q4,2025 Q4,Sunday,True,44
2025-11-03,2025,11,Nov,Nov 2025,Q4,2025 Q4,Monday,False,45
2025-11-04,2025,11,Nov,Nov 2025,Q4,2025 Q4,Tuesday,False,45
2025-11-05,2025,11,Nov,Nov 2025,Q4,2025 Q4,Wednesday,False,45
2025-11-06,2025,11,Nov,Nov 2025,Q4,2025 Q4,Thursday,False,45
2025-11-07,2025,11,Nov,Nov 2025,Q4,2025 Q4,Friday,False,45
2025-11-08,2025,11,Nov,Nov 2025,Q4,2025 Q4,Saturday,True,45
2025-11-09,2025,11,Nov,Nov 2025,Q4,2025 Q4,Sunday,True,45
2025-11-10,2025,11,Nov,Nov 2025,Q4,2025 Q4,Monday,False,46
2025-11-11,2025,11,Nov,Nov 2025,Q4,2025 Q4,Tuesday,False,46
2025-11-12,2025,11,Nov,Nov 2025,Q4,2025 Q4,Wednesday,False,46
2025-11-13,2025,11,Nov,Nov 2025,Q4,2025 Q4,Thursday,False,46
2025-11-14,2025,11,Nov,Nov 2025,Q4,2025 Q4,Friday,False,46
2025-11-15,2025,11,Nov,Nov 2025,Q4,2025 Q4,Saturday,True,46
2025-11-16,2025,11,Nov,Nov 2025,Q4,2025 Q4,Sunday,True,46
2025-11-17,2025,11,Nov,Nov 2025,Q4,2025 Q4,Monday,False,47
2025-11-18,2025,11,Nov,Nov 2025,Q4,2025 Q4,Tuesday,False,47
2025-11-19,2025,11,Nov,Nov 2025,Q4,2025 Q4,Wednesday,False,47
2025-11-20,2025,11,Nov,Nov 2025,Q4,2025 Q4,Thursday,False,47
2025-11-21,2025,11,Nov,Nov 2025,Q4,2025 Q4,Friday,False,47
2025-11-22,2025,11,Nov,Nov 2025,Q4,2025 Q4,Saturday,True,47
2025-11-23,2025,11,Nov,Nov 2025,Q4,2025 Q4,Sunday,True,47
2025-11-24,2025,11,Nov,Nov 2025,Q4,2025 Q4,Monday,False,48
2025-11-25,2025,11,Nov,Nov 2025,Q4,2025 Q4,Tuesday,False,48
2025-11-26,2025,11,Nov,Nov 2025,Q4,2025 Q4,Wednesday,False,48
2025-11-27,2025,11,Nov,Nov 2025,Q4,2025 Q4,Thursday,False,48
2025-11-28,2025,11,Nov,Nov 2025,Q4,2025 Q4,Friday,False,48
2025-11-29,2025,11,Nov,Nov 2025,Q4,2025 Q4,Saturday,True,48
2025-11-30,2025,11,Nov,Nov 2025,Q4,2025 Q4,Sunday,True,48
2025-12-01,2025,12,Dec,Dec 2025,Q4,2025 Q4,Monday,False,49
2025-12-02,2025,12,Dec,Dec 2025,Q4,2025 Q4,Tuesday,False,49
2025-12-03,2025,12,Dec,Dec 2025,Q4,2025 Q4,Wednesday,False,49
2025-12-04,2025,12,Dec,Dec 2025,Q4,2025 Q4,Thursday,False,49
2025-12-05,2025,12,Dec,Dec 2025,Q4,2025 Q4,Friday,False,49
2025-12-06,2025,12,Dec,Dec 2025,Q4,2025 Q4,Saturday,True,49
2025-12-07,2025,12,Dec,Dec 2025,Q4,2025 Q4,Sunday,True,49
2025-12-08,2025,12,Dec,Dec 2025,Q4,2025 Q4,Monday,False,50
2025-12-09,2025,12,Dec,Dec 2025,Q4,2025 Q4,Tuesday,False,50
2025-12-10,2025,12,Dec,Dec 2025,Q4,2025 Q4,Wednesday,False,50
2025-12-11,2025,12,Dec,Dec 2025,Q4,2025 Q4,Thursday,False,50
2025-12-12,2025,12,Dec,Dec 2025,Q4,2025 Q4,Friday,False,50
2025-12-13,2025,12,Dec,Dec 2025,Q4,2025 Q4,Saturday,True,50
2025-12-14,2025,12,Dec,Dec 2025,Q4,2025 Q4,Sunday,True,50
2025-12-15,2025,12,Dec,Dec 2025,Q4,2025 Q4,Monday,False,51
2025-12-16,2025,12,Dec,Dec 2025,Q4,2025 Q4,Tuesday,False,51
2025-12-17,2025,12,Dec,Dec 2025,Q4,2025 Q4,Wednesday,False,51
2025-12-18,2025,12,Dec,Dec 2025,Q4,2025 Q4,Thursday,False,51
2025-12-19,2025,12,Dec,Dec 2025,Q4,2025 Q4,Friday,False,51
2025-12-20,2025,12,Dec,Dec 2025,Q4,2025 Q4,Saturday,True,51
2025-12-21,2025,12,Dec,Dec 2025,Q4,2025 Q4,Sunday,True,51
2025-12-22,2025,12,Dec,Dec 2025,Q4,2025 Q4,Monday,False,52
2025-12-23,2025,12,Dec,Dec 2025,Q4,2025 Q4,Tuesday,False,52
2025-12-24,2025,12,Dec,Dec 2025,Q4,2025 Q4,Wednesday,False,52
2025-12-25,2025,12,Dec,Dec 2025,Q4,2025 Q4,Thursday,False,52
2025-12-26,2025,12,Dec,Dec 2025,Q4,2025 Q4,Friday,False,52
2025-12-27,2025,12,Dec,Dec 2025,Q4,2025 Q4,Saturday,True,52
2025-12-28,2025,12,Dec,Dec 2025,Q4,2025 Q4,Sunday,True,52
2025-12-29,2025,12,Dec,Dec 2025,Q4,2025 Q4,Monday,False,1
2025-12-30,2025,12,Dec,Dec 2025,Q4,2025 Q4,Tuesday,False,1
2025-12-31,2025,12,Dec,Dec 2025,Q4,2025 Q4,Wednesday,False,1
2026-01-01,2026,1,Jan,Jan 2026,Q1,2026 Q1,Thursday,False,1
2026-01-02,2026,1,Jan,Jan 2026,Q1,2026 Q1,Friday,False,1
2026-01-03,2026,1,Jan,Jan 2026,Q1,2026 Q1,Saturday,True,1
2026-01-04,2026,1,Jan,Jan 2026,Q1,2026 Q1,Sunday,True,1
2026-01-05,2026,1,Jan,Jan 2026,Q1,2026 Q1,Monday,False,2
2026-01-06,2026,1,Jan,Jan 2026,Q1,2026 Q1,Tuesday,False,2
2026-01-07,2026,1,Jan,Jan 2026,Q1,2026 Q1,Wednesday,False,2
2026-01-08,2026,1,Jan,Jan 2026,Q1,2026 Q1,Thursday,False,2
2026-01-09,2026,1,Jan,Jan 2026,Q1,2026 Q1,Friday,False,2
2026-01-10,2026,1,Jan,Jan 2026,Q1,2026 Q1,Saturday,True,2
2026-01-11,2026,1,Jan,Jan 2026,Q1,2026 Q1,Sunday,True,2
2026-01-12,2026,1,Jan,Jan 2026,Q1,2026 Q1,Monday,False,3
2026-01-13,2026,1,Jan,Jan 2026,Q1,2026 Q1,Tuesday,False,3
2026-01-14,2026,1,Jan,Jan 2026,Q1,2026 Q1,Wednesday,False,3
2026-01-15,2026,1,Jan,Jan 2026,Q1,2026 Q1,Thursday,False,3
2026-01-16,2026,1,Jan,Jan 2026,Q1,2026 Q1,Friday,False,3
2026-01-17,2026,1,Jan,Jan 2026,Q1,2026 Q1,Saturday,True,3
2026-01-18,2026,1,Jan,Jan 2026,Q1,2026 Q1,Sunday,True,3
2026-01-19,2026,1,Jan,Jan 2026,Q1,2026 Q1,Monday,False,4
2026-01-20,2026,1,Jan,Jan 2026,Q1,2026 Q1,Tuesday,False,4
2026-01-21,2026,1,Jan,Jan 2026,Q1,2026 Q1,Wednesday,False,4
2026-01-22,2026,1,Jan,Jan 2026,Q1,2026 Q1,Thursday,False,4
2026-01-23,2026,1,Jan,Jan 2026,Q1,2026 Q1,Friday,False,4
2026-01-24,2026,1,Jan,Jan 2026,Q1,2026 Q1,Saturday,True,4
2026-01-25,2026,1,Jan,Jan 2026,Q1,2026 Q1,Sunday,True,4
2026-01-26,2026,1,Jan,Jan 2026,Q1,2026 Q1,Monday,False,5
2026-01-27,2026,1,Jan,Jan 2026,Q1,2026 Q1,Tuesday,False,5
2026-01-28,2026,1,Jan,Jan 2026,Q1,2026 Q1,Wednesday,False,5
2026-01-29,2026,1,Jan,Jan 2026,Q1,2026 Q1,Thursday,False,5
2026-01-30,2026,1,Jan,Jan 2026,Q1,2026 Q1,Friday,False,5
2026-01-31,2026,1,Jan,Jan 2026,Q1,2026 Q1,Saturday,True,5
2026-02-01,2026,2,Feb,Feb 2026,Q1,2026 Q1,Sunday,True,5
2026-02-02,2026,2,Feb,Feb 2026,Q1,2026 Q1,Monday,False,6
2026-02-03,2026,2,Feb,Feb 2026,Q1,2026 Q1,Tuesday,False,6
2026-02-04,2026,2,Feb,Feb 2026,Q1,2026 Q1,Wednesday,False,6
2026-02-05,2026,2,Feb,Feb 2026,Q1,2026 Q1,Thursday,False,6
2026-02-06,2026,2,Feb,Feb 2026,Q1,2026 Q1,Friday,False,6
2026-02-07,2026,2,Feb,Feb 2026,Q1,2026 Q1,Saturday,True,6
2026-02-08,2026,2,Feb,Feb 2026,Q1,2026 Q1,Sunday,True,6
2026-02-09,2026,2,Feb,Feb 2026,Q1,2026 Q1,Monday,False,7
2026-02-10,2026,2,Feb,Feb 2026,Q1,2026 Q1,Tuesday,False,7
2026-02-11,2026,2,Feb,Feb 2026,Q1,2026 Q1,Wednesday,False,7
2026-02-12,2026,2,Feb,Feb 2026,Q1,2026 Q1,Thursday,False,7
2026-02-13,2026,2,Feb,Feb 2026,Q1,2026 Q1,Friday,False,7
2026-02-14,2026,2,Feb,Feb 2026,Q1,2026 Q1,Saturday,True,7
2026-02-15,2026,2,Feb,Feb 2026,Q1,2026 Q1,Sunday,True,7
2026-02-16,2026,2,Feb,Feb 2026,Q1,2026 Q1,Monday,False,8
2026-02-17,2026,2,Feb,Feb 2026,Q1,2026 Q1,Tuesday,False,8
2026-02-18,2026,2,Feb,Feb 2026,Q1,2026 Q1,Wednesday,False,8
2026-02-19,2026,2,Feb,Feb 2026,Q1,2026 Q1,Thursday,False,8
2026-02-20,2026,2,Feb,Feb 2026,Q1,2026 Q1,Friday,False,8
2026-02-21,2026,2,Feb,Feb 2026,Q1,2026 Q1,Saturday,True,8
2026-02-22,2026,2,Feb,Feb 2026,Q1,2026 Q1,Sunday,True,8
2026-02-23,2026,2,Feb,Feb 2026,Q1,2026 Q1,Monday,False,9
2026-02-24,2026,2,Feb,Feb 2026,Q1,2026 Q1,Tuesday,False,9
2026-02-25,2026,2,Feb,Feb 2026,Q1,2026 Q1,Wednesday,False,9
2026-02-26,2026,2,Feb,Feb 2026,Q1,2026 Q1,Thursday,False,9
2026-02-27,2026,2,Feb,Feb 2026,Q1,2026 Q1,Friday,False,9
2026-02-28,2026,2,Feb,Feb 2026,Q1,2026 Q1,Saturday,True,9
2026-03-01,2026,3,Mar,Mar 2026,Q1,2026 Q1,Sunday,True,9
2026-03-02,2026,3,Mar,Mar 2026,Q1,2026 Q1,Monday,False,10
2026-03-03,2026,3,Mar,Mar 2026,Q1,2026 Q1,Tuesday,False,10
2026-03-04,2026,3,Mar,Mar 2026,Q1,2026 Q1,Wednesday,False,10
2026-03-05,2026,3,Mar,Mar 2026,Q1,2026 Q1,Thursday,False,10
2026-03-06,2026,3,Mar,Mar 2026,Q1,2026 Q1,Friday,False,10
2026-03-07,2026,3,Mar,Mar 2026,Q1,2026 Q1,Saturday,True,10
2026-03-08,2026,3,Mar,Mar 2026,Q1,2026 Q1,Sunday,True,10
2026-03-09,2026,3,Mar,Mar 2026,Q1,2026 Q1,Monday,False,11
2026-03-10,2026,3,Mar,Mar 2026,Q1,2026 Q1,Tuesday,False,11
2026-03-11,2026,3,Mar,Mar 2026,Q1,2026 Q1,Wednesday,False,11
2026-03-12,2026,3,Mar,Mar 2026,Q1,2026 Q1,Thursday,False,11
2026-03-13,2026,3,Mar,Mar 2026,Q1,2026 Q1,Friday,False,11
2026-03-14,2026,3,Mar,Mar 2026,Q1,2026 Q1,Saturday,True,11
2026-03-15,2026,3,Mar,Mar 2026,Q1,2026 Q1,Sunday,True,11
2026-03-16,2026,3,Mar,Mar 2026,Q1,2026 Q1,Monday,False,12
2026-03-17,2026,3,Mar,Mar 2026,Q1,2026 Q1,Tuesday,False,12
2026-03-18,2026,3,Mar,Mar 2026,Q1,2026 Q1,Wednesday,False,12
2026-03-19,2026,3,Mar,Mar 2026,Q1,2026 Q1,Thursday,False,12
2026-03-20,2026,3,Mar,Mar 2026,Q1,2026 Q1,Friday,False,12
2026-03-21,2026,3,Mar,Mar 2026,Q1,2026 Q1,Saturday,True,12
2026-03-22,2026,3,Mar,Mar 2026,Q1,2026 Q1,Sunday,True,12
2026-03-23,2026,3,Mar,Mar 2026,Q1,2026 Q1,Monday,False,13
2026-03-24,2026,3,Mar,Mar 2026,Q1,2026 Q1,Tuesday,False,13
2026-03-25,2026,3,Mar,Mar 2026,Q1,2026 Q1,Wednesday,False,13
2026-03-26,2026,3,Mar,Mar 2026,Q1,2026 Q1,Thursday,False,13
2026-03-27,2026,3,Mar,Mar 2026,Q1,2026 Q1,Friday,False,13
2026-03-28,2026,3,Mar,Mar 2026,Q1,2026 Q1,Saturday,True,13
2026-03-29,2026,3,Mar,Mar 2026,Q1,2026 Q1,Sunday,True,13
2026-03-30,2026,3,Mar,Mar 2026,Q1,2026 Q1,Monday,False,14
2026-03-31,2026,3,Mar,Mar 2026,Q1,2026 Q1,Tuesday,False,14
